BGC_LINKER_ID,BGC_GENE_ID_HEAD,BGC_GENE_ID_TAIL,HEAD_OR_TAIL,STRAND,LINKER_SEQUENCE
BGC_1_LINKER_1_HC,BGC_1_aveA1,BGC_1_aveA2,HEAD,1,AFDHPNPTTLTHHLHTQLQPQPDNAVAPVLAELDKLESALSALDKTDSASERVTLRLKSLMLRWNAPQHPTAESADDDEKFTSATEAEIFKFIDNDLGLS
BGC_1_LINKER_1_TN,BGC_1_aveA1,BGC_1_aveA2,TAIL,1,MQLANEAKLLEYLKRVTADLDRTRRRLYEVVEREQEPIAIVGMACRYPGG
BGC_1_LINKER_2_HC,BGC_1_aveA2,BGC_1_aveA3,HEAD,1,VRSLLTSIPIGRLRDAGLLGPLLTLADTGRGASGAAAGPEDAPPSGQDTPAPVSIDEMDIDDLMDLAHGHGTAPAREPADAEDSSSSRNRTHHTHEGETA
BGC_1_LINKER_2_TN,BGC_1_aveA2,BGC_1_aveA3,TAIL,-1,MDTSSEKLVDALRASLKANQTLRARNEQLAAAMEASSEPIAIVGMACRFP
BGC_1_LINKER_3_HC,BGC_1_aveA3,BGC_1_aveA4,HEAD,-1,HLHTQLVSKGLTAAAEPDAATTPPGLPSLLSELERLEAVVLSSTTSSAAPLDDGARTRLASRLHSLAQKLNGDDTAPDLAETSDEEMFALIDREVGFESQ
BGC_1_LINKER_3_TN,BGC_1_aveA3,BGC_1_aveA4,TAIL,-1,MANEEKLRDYLKRVTADLLNVRRRLQQIESGEQEPIAIVGMACRFPGGVE
BGC_2_LINKER_1_HC,BGC_2_mtaB,BGC_2_mtaC,HEAD,1,TPEERQKRAEAFLRREVTRILDLPRPLADGRLPLVRFGFDSLMSLKLKARLESTLGLSISAAKLLSGLSLDKLVALVLERIETLQPTPVSTDDQMEDFRF
BGC_2_LINKER_1_TN,BGC_2_mtaB,BGC_2_mtaC,TAIL,1,MIELLRPKEAVPDAARQFEPFPLTDIQETYFVGRGTDFGISGMSCHLYHE
BGC_2_LINKER_2_HC,BGC_2_mtaC,BGC_2_mtaD,HEAD,1,ALDSSANAAMADSAAFSLYLVGDRRVISQRYGERWRDLALIEAGLMAQLLETRAAESDLGLCQLEELRFEGLSKALRLEEEHMYLHGLVGGGLAWEEGAL
BGC_2_LINKER_2_TN,BGC_2_mtaC,BGC_2_mtaD,TAIL,1,MSTSEFIVYLQQKGIELWIEGDTLRFRAPPGHLTPELRTALKDKKEQLLE
BGC_2_LINKER_3_HC,BGC_2_mtaD,BGC_2_mtaE,HEAD,1,IGMDSLLAVELRNRFQSTLGVDRPLSSTLVFDHPTVEALTGYLAAEFLKLGPVDPVSAQASKGEEAAAQTLANLEQLPQNELGSLLDEKLALLEKLMGDG
BGC_2_LINKER_3_TN,BGC_2_mtaD,BGC_2_mtaE,TAIL,1,MSSSVEQHEHSARLARALVALEKMQAKLEASEREKREPVAIVGMACRFPG
BGC_2_LINKER_4_HC,BGC_2_mtaE,BGC_2_mtaF,HEAD,1,QMGMNSLMSIELKKHLETSLRHGLPSTIAFEYPTVEAMTGFLAKEVPALAALLSAPSEAASQDAALVDSDILDLLGEAGRLSESELRDLAHSFPGDGSHE
BGC_2_LINKER_4_TN,BGC_2_mtaE,BGC_2_mtaF,TAIL,1,MEKLVRGLSPEKRVSLAKMLLRSAGEAVPEQKLAEPIAIIGIGCRFPGGV
BGC_2_LINKER_5_HC,BGC_2_mtaF,BGC_2_mtaG,HEAD,1,AEPSQRGQLLGSYLCEQVAHLLKMPVAKLDPEQPLNSMGMDSLLSLELKHKIHAETGMDVPLDEVLQGASIANLSMRLAERMGNSGQAAVVAKDWEEGEL
BGC_2_LINKER_5_TN,BGC_2_mtaF,BGC_2_mtaG,TAIL,1,MAELSKQDVTLWVEGERLKYRAPKGALSPETLSLLSTHKAALLPYLRRLA
BGC_3_LINKER_1_HC,BGC_3_epoA,BGC_3_epoB,HEAD,1,SQVLRTPEIKVGAEALFTRLGMDSLMAVELRNRIEASLKLKLSTTFLSTSPNIALLTQNLLDALATALSLERVAAENLRAGVQSDFVSSGADQDWEIIAL
BGC_3_LINKER_1_TN,BGC_3_epoA,BGC_3_epoB,TAIL,1,MTINQLLNELEHQGVKLAADGERLQIQAPKNALNPNLLARISEHKSTILT
BGC_3_LINKER_2_HC,BGC_3_epoB,BGC_3_epoC,HEAD,1,TAPRDALEEILVAVVREVLGLEVVGLQQSFVDLGATSIHIVRMRSLLQKRLDREIAITELFQYPNLGSLASGLRRDSKDLEQRPNMQDRVEARRKGRRRS
BGC_3_LINKER_2_TN,BGC_3_epoB,BGC_3_epoC,TAIL,1,MEEQESSAIAVIGMSGRFPGARDLDEFWRNLRDGTEAVQRFSEQELAASG
BGC_3_LINKER_3_HC,BGC_3_epoC,BGC_3_epoD,HEAD,1,LRLPEGKIEVDAPLTSLGMNSLMGLELRNRIEAMLGITVPATLLWTYPTVAALSGHLAREACEAAPVESPHTTADSAVEIEEMSQDDLTQLIAAKFKALT
BGC_3_LINKER_3_TN,BGC_3_epoC,BGC_3_epoD,TAIL,1,MTTRGPTAQQNPLKQAAIIIQRLEERLAGLAQAELERTEPIAIVGIGCRF
BGC_3_LINKER_4_HC,BGC_3_epoD,BGC_3_epoE,HEAD,1,LDVDAPLTSLGMDSLMGLELRNRIEAVLGITMPATLLWTYPTVAALSAHLASHVVSTGDGESARPPDTGNVAPMTHEVASLDEDGLFALIDESLARAGKR
BGC_3_LINKER_4_TN,BGC_3_epoD,BGC_3_epoE,TAIL,1,MTDREGQLLERLREVTLALRKTLNERDTLELEKTEPIAIVGIGCRFPGGA
BGC_3_LINKER_5_HC,BGC_3_epoE,BGC_3_epoF,HEAD,1,SNLGMDSLIGLELRNRIEAALGITVPATLLWTYPTVAALSGNLLDILFPNAGATHAPATEREKSFENDAADLEALRGMTDEQKDALLAEKLAQLAQIVGE
BGC_3_LINKER_5_TN,BGC_3_epoE,BGC_3_epoF,TAIL,1,MATTNAGKLEHALLLMDKLAKKNASLEQERTEPIAIIGIGCRFPGGADTP
BGC_4_LINKER_1_HC,BGC_4_fkbB,BGC_4_fkbC,HEAD,-1,FKDLGVDSLTALGLRNRLSEALGIPLPATLVFDYPAAGALTRHLLTLLAPDVNGTPDDNGTPDGGEPPAQAPASTTTAEPDDELFDDMDADALIAHVLKG
BGC_4_LINKER_1_TN,BGC_4_fkbB,BGC_4_fkbC,TAIL,-1,MAENDLIEALRTSVKDNAQLRRENTALRAAANEPLAVVGMACRLPGGVTS
BGC_4_LINKER_2_HC,BGC_4_fkbC,BGC_4_fkbA,HEAD,-1,LRLSATLVFDYPSPRALADRIGELLSPDDPVTVVLAQLDRLEALVAGVDPGARQADAIGTRLDALLNRWRRETRPTTPAGVLSADATADEIFDLIDRELR
BGC_4_LINKER_2_TN,BGC_4_fkbC,BGC_4_fkbA,TAIL,1,MPEQDKTVEYLRWATAELQKTRAELAAHSEPLAIVGMACRLPGGVASPED
BGC_5_LINKER_1_HC,BGC_5_nysA,BGC_5_nysB,HEAD,1,TLVFNFPTPERAAHRLGELLAATAPLDPGAYGEELTRFEAIVTNLPQDGPERRAVADRLDAIVSALRQNSPAEVPSSDEDIDTVSVDRLLDIIDEEFETT
BGC_5_LINKER_1_TN,BGC_5_nysA,BGC_5_nysB,TAIL,1,MQEPQQGQPDQQEKIVDYLRRVTSDLRRARRRIGELESKDNEPIAIVGMG
BGC_5_LINKER_2_HC,BGC_5_nysB,BGC_5_nysC,HEAD,1,VFDHPTPTALAGHLGALLFGTAPEDAGTGRPDDPDARIREALATVPIGRLRKAGLLDMVLKLADGDATDAPAPEADAPSESLDDMDAEALLRLATENSAN
BGC_5_LINKER_2_TN,BGC_5_nysB,BGC_5_nysC,TAIL,1,MSTNPDKYVEALRSSLKEIERLRRQNEQLVAAAVEPVAVVGIGCRFPGGV
BGC_5_LINKER_3_HC,BGC_5_nysC,BGC_5_nysI,HEAD,1,DYPTPADVVGHLRGRLGTGEVSGAGSVLAALDNLEAVIAGLSLDDAGEHQLVAGRLEVLRAKWADMRSAEGAVDGGADVDIEEASDDDMFALLDDELGLN
BGC_5_LINKER_3_TN,BGC_5_nysC,BGC_5_nysI,TAIL,1,MDNEQKLRDYLKLATADLRRTRRRVHKLESAAQEPVAIIGMTCRYPGGVR
BGC_5_LINKER_4_HC,BGC_5_nysI,BGC_5_nysJ,HEAD,1,TGLNLPATLVFDHPTPLVLGEHILGGLFPDEPAGSDDETEIRALLASVPLDQLREIGVLEPLLQLAGRGGRAADGDDGESVDSMTVADLVRAALNGQSDL
BGC_5_LINKER_4_TN,BGC_5_nysI,BGC_5_nysJ,TAIL,1,MNAPENPETPENNVVAALRAAVKETDRLRRQNRMLVAAAKEPIAVVGMAC
BGC_5_LINKER_5_HC,BGC_5_nysJ,BGC_5_nysK,HEAD,1,HPTPDAVARHLASTLPGGTAAGPDRSPLAELDRIAAELSPEGADDATRQGVVGRLRHLLAQWDGTRQDGGGTTVDDRIEAASAEEVLAFIDHELGRQADS
BGC_5_LINKER_5_TN,BGC_5_nysJ,BGC_5_nysK,TAIL,1,MPDEKKLVDYLKWVTKDLHQTRQRLQEVEAGRHEPVAIVGMACRFPGGVR
BGC_6_LINKER_1_HC,BGC_6_oleAI,BGC_6_oleAII,HEAD,1,HPTATAIARFLQSELVGSDDPLTLMRSAIDQLETGLALLESDEEARSEITKRLNILLPRFGSGGSSRGREAGQDAGEHQDVEDATIDELFEVLDNELGNS
BGC_6_LINKER_1_TN,BGC_6_oleAI,BGC_6_oleAII,TAIL,1,MTNDEKIVEYLKRATVDLRKARHRIWELEDEPIAITSMACHFPGGIESPE
BGC_7_LINKER_1_HC,BGC_7_megAI,BGC_7_megAII,HEAD,1,LVFEHPNAAAVADLLHDRLGEAGEPTPVRSVGAGLAALEQALPDASDTERVELVERLERMLAGLRPEAGAGADAPTAGDDLGEAGVDELLDALERELDAR
BGC_7_LINKER_1_TN,BGC_7_megAI,BGC_7_megAII,TAIL,1,MTDNDKVAEYLRRATLDLRAARKRLRELQSDPIAVVGMACRLPGGVHLPQ
BGC_7_LINKER_2_HC,BGC_7_megAII,BGC_7_megAIII,HEAD,1,TLVFDHPTPLAVAEHLRSELFADSAPDVGVGARLDDLERALDALPDAQGHADVGARLEALLRRWQSRRPPETEPVTISDDASDDELFSMLDRRLGGGGDV
BGC_7_LINKER_2_TN,BGC_7_megAII,BGC_7_megAIII,TAIL,1,MSESSGMTEDRLRRYLKRTVAELDSVTGRLDEVEYRAREPIAVVGMACRF
BGC_8_LINKER_1_HC,BGC_8_pimS0,BGC_8_pimS1,HEAD,1,PATLVYDYPTPKAVVRLVRERLARPASPARDVASVVAELESLLTAGAEVSEETAARLKAVTAVSTGTTGSGSGTGAGSGGALDLVSASDEELFRLMDAES
BGC_8_LINKER_1_TN,BGC_8_pimS0,BGC_8_pimS1,TAIL,-1,MSNEEKLREYLKRAIADLHETRQQLDETEAKQREPLAIVSMACRFPGGVR
BGC_8_LINKER_2_HC,BGC_8_pimS1,BGC_8_pimS2,HEAD,-1,PAELVAHLHARIAPEPTVGPEALLGELERMEKSFGGLDLTEEMHEQIAGRLEVLRAKWDALRDTAAAAGHDGSPSDEDFDFESASDDEVFDLLDNELGLS
BGC_8_LINKER_2_TN,BGC_8_pimS1,BGC_8_pimS2,TAIL,-1,MDQEQKLRDYLKRASADLRRSRQRVGELEAAAREPIAIVGMSCRFPGGVR
BGC_8_LINKER_3_HC,BGC_8_pimS2,BGC_8_pimS3,HEAD,-1,LADHLLSLLVPDEDPGEGTADDGDPDSSAIRALLASVSVAQLREIGVLEPLLKLAAEQTAASGAEAAAATAADAYDESIDAMDIADLVQAAFDGNSPQER
BGC_8_LINKER_3_TN,BGC_8_pimS2,BGC_8_pimS3,TAIL,-1,MTTSSETVVAALRASLKEAENLRRQNRKLVAAATEPIAIVAMACRYPGGV
BGC_8_LINKER_4_HC,BGC_8_pimS3,BGC_8_pimS4,HEAD,-1,FDYPNPTALADHFVSELVEEAATGPALLAELERLDSALAAGAPDARTRAAVTARLAQILDDWRDAPAEEDGAEVAERLEAASTDEIFAFIDNELGRHSDR
BGC_8_LINKER_4_TN,BGC_8_pimS3,BGC_8_pimS4,TAIL,-1,MPNDKPNDKKLVDYLKWVTNDLHQTRQRLREVESAKQEPIAIVGMSCRLP
BGC_9_LINKER_1_HC,BGC_9_mxaF,BGC_9_mxaE,HEAD,-1,TPLGSLGLDSLMSMEIRNRLEASLGLKLSATVVWTYPTLAALTPYLAEKMELPLEDKGSELRLAAAPVSAPPSAAPGSDIDDMSEEEVERLFAQRVAQGK
BGC_9_LINKER_1_TN,BGC_9_mxaF,BGC_9_mxaE,TAIL,-1,MTSFAEKIAQYSPKRLALLAMDLKSRLDAVEGTRSEPVAIIGMGCRFPGG
BGC_9_LINKER_2_HC,BGC_9_mxaE,BGC_9_mxaD,HEAD,-1,FFQMGMTSQMSVELRNALQRGLEKELPASLAFDHPTVIALAKRLASSVTAVEIPLPTVAVAQESRPQAAQAEIGDLAERLSQVTELSDEEVERLIAQKLS
BGC_9_LINKER_2_TN,BGC_9_mxaE,BGC_9_mxaD,TAIL,-1,MLLALDLHAESEALKRTRSEPIAIVGTSCRVPGGARTPEAFWRLLHGGVD
BGC_9_LINKER_3_HC,BGC_9_mxaD,BGC_9_mxaC,HEAD,-1,DPQQPLGSLGLDSLMGLEIRNRLEASLGLRLPATLVWRYPTVAALVEHLAEQLQLSITNKAEQPQDEAAALEAEIVNNVKQLSDEEAEALLAEKLAALAE
BGC_9_LINKER_3_TN,BGC_9_mxaD,BGC_9_mxaC,TAIL,-1,MANRNDESNELSPAKRMLVALEKMQTRLNAVEGAAKEPIAIVGMACRFPQ
BGC_9_LINKER_4_HC,BGC_9_mxaC,BGC_9_mxaB1,HEAD,-1,PRQRLFEVGMDSLMALELRNRLQTTVGASLPSTLVFDYPTAEAIANYLLGEALGLEKQSAGNAQGEVQDTALLERIMELSPDELAASLEAKLSALMEEGS
BGC_9_LINKER_4_TN,BGC_9_mxaC,BGC_9_mxaB1,TAIL,-1,MRAGAGGHPLLGVSFTTSVQKENRFWESALSAKEPSYLADHRVGGAVVVP
BGC_9_LINKER_5_HC,BGC_9_mxaB1,BGC_9_mxaB2,HEAD,-1,EQLARVLRLDSARIDPEAPLQSFGLDSLMGLELRNRLVSGLGVSLPASLIWKHPTLAALCAHLLGEVMDRTLAETLAQAAAGAGPAVDESAADDKEVFVL
BGC_9_LINKER_5_TN,BGC_9_mxaB1,BGC_9_mxaB2,TAIL,-1,MSKQEKPAEQPSALQRAALLVEKMQARLDAVERARTEPIAVIGLGCRFPG
BGC_10_LINKER_1_HC,BGC_10_rifA,BGC_10_rifB,HEAD,1,IFDYPTPEALVGYLRVELLREADDGLDGREDDLRRVLAAVPFARFKEAGVLDTLLGLADTGTEPGTDAETTEAAPAADDAELIDALDISGLVQRALGQTS
BGC_10_LINKER_1_TN,BGC_10_rifA,BGC_10_rifB,TAIL,1,MSAPNEQIVDALRASLKENVRLQQENSALAAAAAEPVAIVSMACRYAGGI
BGC_10_LINKER_2_HC,BGC_10_rifB,BGC_10_rifC,HEAD,1,TGFDSLTSVELRNRLREATGLKLPATLVFDYPNPLAVARYLGARLVPDGTANGNGNGNGHSEDDRLRHALAAIAAEDAGEERSIADLGVDDLVQLAFGDE
BGC_10_LINKER_2_TN,BGC_10_rifB,BGC_10_rifC,TAIL,1,MVSASYEKVVEALRKSLEEVGTLKKRNRQLADAAGEPIAIVGMACRLPGG
BGC_10_LINKER_3_HC,BGC_10_rifC,BGC_10_rifD,HEAD,1,TGLKLPATLVFDHPNPLALARHLRAELAVDEASPADAVLAGLAGLEAAIAAAGAPDGDRITARLRELLKAAEAAEARPGTSGDLDTASDEELFALVDGLD
BGC_10_LINKER_3_TN,BGC_10_rifC,BGC_10_rifD,TAIL,1,MADEGQLRDYLKRAIADARDARTRLREVEEQAREPIAIVAMACRYPGGVS
BGC_10_LINKER_4_HC,BGC_10_rifD,BGC_10_rifE,HEAD,1,TLAFDYPTPLVLARHLRDELGAGDDALSVVHARLEDVEALLGGLRLDESTKTGLTLRLQGLVARCNGVNDQTGGETLADRLEAASADEVLDFIDEELGLT
BGC_10_LINKER_4_TN,BGC_10_rifD,BGC_10_rifE,TAIL,1,MATDEKLLKYLKRVTAELHSLRKQGARHADEPLAVVGMACRFPGGVSSPE
BGC_11_LINKER_1_HC,BGC_11_spnA,BGC_11_spnB,HEAD,1,PSTIIFSHPTPAELAAELRARLLPESAGAGIPEEDEARIRAALTSIPFPALREAGLVSPLLALAGHPVDSGISSDDAAATSIDAMDVAGLVEAALGERES
BGC_11_LINKER_1_TN,BGC_11_spnA,BGC_11_spnB,TAIL,1,MTVTTSYEEVVEALRASLKENERLRRGRDRFSAEKDDPIAIVAMSCRYPG
BGC_11_LINKER_2_HC,BGC_11_spnB,BGC_11_spnC,HEAD,1,PATLVFNYPTPDALAAHLVTALSADRLAGTFEELDRWAANLPTLARDEATRAQITTRLQAILQSLADVSGGTGGGSVPDRLRSATDDELFQLLDNDLELP
BGC_11_LINKER_2_TN,BGC_11_spnB,BGC_11_spnC,TAIL,1,MSNEEKLREYLRRALVDLHQARERLHEAESGEREPIAIVAMGCRYPGGVQ
BGC_11_LINKER_3_HC,BGC_11_spnC,BGC_11_spnD,HEAD,1,STIFDYPNAESLSRHLCAELFPTETTVDSALAELDRIEQQLSMLTGEARARDRIATRLRALHEKWNSAAEVPTGADVLSTLDSATHDEIFEFIDNELDLS
BGC_11_LINKER_3_TN,BGC_11_spnC,BGC_11_spnD,TAIL,1,MEITMANEEKLFGYLKKVTADLHQTRQRLLAAESRSQEPIAIVSASCRLP
BGC_11_LINKER_4_HC,BGC_11_spnD,BGC_11_spnE,HEAD,1,LVFDHPTPLALSEQLVPALVAEPDNGIESLLAELDRLDTTLAQGPSIPLEDQAKVAERLHALLAKWDGARDGTARATSPQSLTAATDDEIFDLIDRKFRR
BGC_11_LINKER_4_TN,BGC_11_spnD,BGC_11_spnE,TAIL,1,MANEEKLREYLKRVVVELEEAHERLHELERQEHDPIAIVSMGCRYPGGVS
BGC_12_LINKER_1_HC,BGC_12_amphA,BGC_12_amphB,HEAD,1,TLVFNFPTPELAARRIGELLVVSGSSPQGSCDDELTRFEAVVQTLSADDPGRQAVADRLDALVASLRRNSAPQENFSDEDIESVSVDRLLDIIDEEFEIS
BGC_12_LINKER_1_TN,BGC_12_amphA,BGC_12_amphB,TAIL,1,MPEPQQNQQEKVVDYLRRVTNDLRRARRRIGELESRDNEPVAIVGMSCRL
BGC_12_LINKER_2_HC,BGC_12_amphB,BGC_12_amphC,HEAD,1,DYPTPTALAQHIGSLLYGTAPDEADTGRADDPDARIREALATVPIGRLRKAGLLDMVLKLAESDDTEDSATATDDAADALDLDDMDAEALLRLAAENSAN
BGC_12_LINKER_2_TN,BGC_12_amphB,BGC_12_amphC,TAIL,1,MSTSTNKYVEALRSSLKEIERLRKQNEQLVASAAEPIAVVGIGCRFPGGV
BGC_12_LINKER_3_HC,BGC_12_amphC,BGC_12_amphI,HEAD,1,DYPTPADVVRYLRGQLVTDDPSGAGSVLAALEGLEKAIAALSLDDAEEHRRVAGRIEVLRTKWAALGRTDTADEDASSDDLDGASDEDMFALLDDELGLS
BGC_12_LINKER_3_TN,BGC_12_amphC,BGC_12_amphI,TAIL,1,MDNEQKLRDYLKLATADLRRARRRVGELESASQEPIAIVGMTCRYPGGVS
BGC_12_LINKER_4_HC,BGC_12_amphI,BGC_12_amphJ,HEAD,1,LSLPATLVFDHPTPLALGEFVLARLAPEEAGPAVSDEETEIRAVLASVPLDRLREIGVLEPLLQLAGRGGGAGDDEDGESVDSMTVADLVRAALNGQSDL
BGC_12_LINKER_4_TN,BGC_12_amphI,BGC_12_amphJ,TAIL,1,MEQTMNAPAENVVAALRAAVKETERLRRRNRTIVAAAREPIAVVGMGCRF
BGC_12_LINKER_5_HC,BGC_12_amphJ,BGC_12_amphK,HEAD,1,HPTPAAVARHLADSLTGQDRSGTAASPLAALDRLEAELSADGVDEAVRRGVEGRLRRLLAAWDGTGSDGNGPAVEERIEAASAEEIFAFIDNELGRSSDS
BGC_12_LINKER_5_TN,BGC_12_amphJ,BGC_12_amphK,TAIL,1,MPDESKLVDYLKWVTADLHQTRRRLQEAESGRHEPVAIVGMACRFPGGVR
BGC_13_LINKER_1_HC,BGC_13_stiA,BGC_13_stiB,HEAD,1,GMDSLLSLELRNRLEANLELTLPATVLWNYPTLSALAPFLAERMGIQLNGVEEPPQAVESPSVSEEDGAAMLKMLEQFQELSNEDLLGMLSDDKEDEVSS
BGC_13_LINKER_1_TN,BGC_13_stiA,BGC_13_stiB,TAIL,1,MSDMMKQLARMIRDLPPDRRAFLADLLRPEPEPIAIVGIGCRFPAGADDP
BGC_13_LINKER_2_HC,BGC_13_stiB,BGC_13_stiC,HEAD,1,MGMDSLMAVELKNRLQKELGRTLSSSCVFNYPTLESLTGYLASSVLSREIPTATSEASPPTRTKDSAPTIEPQVDALSGTALAELFDEQLSAIDALIDNT
BGC_13_LINKER_2_TN,BGC_13_stiB,BGC_13_stiC,TAIL,1,MQKMSTRLDALQRSKTEPIAIIGMGCRFPGGADTPEAFWRLLRDGVDATR
BGC_13_LINKER_3_HC,BGC_13_stiC,BGC_13_stiD,HEAD,1,AGMDSLMAIDVRRKLQLRLGSAFELSSTLVFDYPTTQELAQYLVKQVSTAHSSAQRVDEPRAGETQSDAPSVVLDVLSRNEVESRLDERLAAIEASMMDD
BGC_13_LINKER_3_TN,BGC_13_stiC,BGC_13_stiD,TAIL,1,MSTTPNMPEQGEDLGRLKRALTALEKMQAKLDAAERGRTEPIAIIGMGCR
BGC_13_LINKER_4_HC,BGC_13_stiD,BGC_13_stiE,HEAD,1,PLHDLGTDSLMAIEIRNRLEKSLELVLPATLVFTYPTVAALVVFLSSTMGLPLEAPPEPPRETAEKKDSASTAAELDALSDDEMAARLAEKLAALNKGRK
BGC_13_LINKER_4_TN,BGC_13_stiD,BGC_13_stiE,TAIL,1,MSTGSQDHRSLLKQSFLEIERLQAKVDSLERAKSEPIAIVGVGCRFPGGS
BGC_13_LINKER_5_HC,BGC_13_stiE,BGC_13_stiF,HEAD,1,AVEFRNRIEASLGLTLSATLAWNHPTIEAMTTHIADKMGLVLSVAEAPSQAAEQSGSRAAGDLEALAEGLLDELEGLSDDESGRLASGTAQRSPREDINE
BGC_13_LINKER_5_TN,BGC_13_stiE,BGC_13_stiF,TAIL,1,MSSFLERVAELSPEKRAALAELLRLAPEPIAIVGMACRYPGGVKDSDSYW
BGC_13_LINKER_6_HC,BGC_13_stiF,BGC_13_stiG,HEAD,1,PLNEIGLDSLTAVELKNALGRTLGSSLHATLLFDYPTIDALTRYLAKEVMGWSAPALAPEAAEGAEDAEKARRVAEIQQLSDDEVAASINEELAALRQES
BGC_13_LINKER_6_TN,BGC_13_stiF,BGC_13_stiG,TAIL,1,MSKPANPVEQLSPLQQALLALREMRAKLDASERARTEPIAVVGMGCRVPG
BGC_13_LINKER_7_HC,BGC_13_stiG,BGC_13_stiH,HEAD,1,LGFFKMGMDSLTAMKLRKRLEVGIGKSLPPTLVFEYPNIEQLTDFLGRELAIHSAAPENTPVGNPSRGIPDELEGLPEEELIALFDREMAALERTSGEKS
BGC_13_LINKER_7_TN,BGC_13_stiG,BGC_13_stiH,TAIL,1,MSESAQPIDYPARLRRALRVVRELQAELKSGRRARAEPIAIIGVGCRLPG
BGC_13_LINKER_8_HC,BGC_13_stiH,BGC_13_stiJ,HEAD,1,PTAGFFDLGMDSIMAMDLKTRLERGMERTFPSTMAFEHPTIDALARYLSKEVFATLFEEAPRATTPEPVSNDDDARWDALDELSEDQVASLLAERLNAIE
BGC_13_LINKER_8_TN,BGC_13_stiH,BGC_13_stiJ,TAIL,1,MSVKTKDNQDLLKRALVTIDKLQAKVDALERAKSEPIAVVGIGCRLPGGA
BGC_14_LINKER_1_HC,BGC_14_sorA,BGC_14_sorB,HEAD,1,FDHPTPAALATLLLGKLLQHEAADPRPLAAELDRLEATLSAIAVDAQARPKIILRLQSWLSKWSDAQAADAGPILGKDFKSATKEELFAAFDEAFGGLGK
BGC_14_LINKER_1_TN,BGC_14_sorA,BGC_14_sorB,TAIL,1,MNNDEKLVSYLQQAMNELQRAHQRLRAVEEKEHEPIAIVAMSCRFPGDVR
BGC_15_LINKER_1_HC,BGC_15_asmA,BGC_15_asmB,HEAD,-1,TAEALGVLGHDDGAALPAGQAFRDAGFDSITAMALRNRLVRLAGVRLPASVVFDHPTPAATAERLEAELFPADRLPGPRHGDDFDDMAADELVRRALGGE
BGC_15_LINKER_1_TN,BGC_15_asmA,BGC_15_asmB,TAIL,-1,MTTREQLLDALRASLRENERLRATGGAAEPVAIVGAACRFPGGVTSPEEL
BGC_15_LINKER_2_HC,BGC_15_asmB,BGC_15_asmC,HEAD,-1,LLFDHPTAAEVAAVLAGLLDGGDPVTSGLDRLEAALADPPADPALRASAAARLRALLAALSDEGDGRDGAGQDGAAALRDAGVAELFEFIDTRLGRAERA
BGC_15_LINKER_2_TN,BGC_15_asmB,BGC_15_asmC,TAIL,-1,MTDGTHEKLVDYLRWVTADLHETRRKLADLESAGHEPIAITGLACRAPGG
BGC_15_LINKER_3_HC,BGC_15_asmC,BGC_15_asmD,HEAD,-1,AEHLAEHLAAARDSAAPDAAPDAEDPTSALRDLDALAAALPAAAGDDALRERVTARLREVLGRWEELTGGPGGPDDLDLDHISDDELFRLADSRLGPTGA
BGC_15_LINKER_3_TN,BGC_15_asmC,BGC_15_asmD,TAIL,-1,MSDEKKLRDYLKRALAENERVQQRLRALETAHREPIAVVATACRFPGGVA
BGC_16_LINKER_1_HC,BGC_16_mycAI,BGC_16_mycAII,HEAD,1,DHLAESLLSRPEGDPGEQALTGLDAVARALTKLGDEDIRRVVVRRRLAELLATVAGAEPDLANGGGTGAGVDDGHDDTALVERLSGASDEDLLAFIDEQI
BGC_16_LINKER_1_TN,BGC_16_mycAI,BGC_16_mycAII,TAIL,1,MTATANRMREYLQRMTVELHGARQRLRHLEQQAREPIAIVGMSCRLPGGV
BGC_16_LINKER_2_HC,BGC_16_mycAII,BGC_16_mycAIII,HEAD,1,AALAEHLESELPRAPEPGVTDVAGVLDVLDAVRRNLATSLTDGESRARVAESLRTLLADLAEPAAVPGDETRDAGSVRDRLRSASDDELFQLLDSDFRTH
BGC_16_LINKER_2_TN,BGC_16_mycAII,BGC_16_mycAIII,TAIL,1,MTANNEEKLREYLRRALADLHEARAQVHRLTEEAHEPVAIVGMGCRFPGG
BGC_16_LINKER_3_HC,BGC_16_mycAIII,BGC_16_mycAIV,HEAD,1,PTPVVLAGHLRAQLGLETRTVPLVGELERLTEALGSTSLVDIDPDDRREIAARFTALHARWLEMQQAEKPAKDTELTVDDIDAADDDAIFAYLDDRLSDS
BGC_16_LINKER_3_TN,BGC_16_mycAIII,BGC_16_mycAIV,TAIL,1,MADEQKLREYLKRSTRELHQTTERLRELEERAYEPIAIVGMGCRFPGGVS
BGC_16_LINKER_4_HC,BGC_16_mycAIV,BGC_16_mycAV,HEAD,1,AVATYLEERLAPEQAGRDPEEDRVRRLLQAVPLTRPAGVRPSRPTAGARWRPAGILGGGGQHRSDPARRTRCVGGNRLGGRPDDLDAEALISLAMRQSDR
BGC_16_LINKER_4_TN,BGC_16_mycAIV,BGC_16_mycAV,TAIL,1,MTTTSPDRLLEALRSALKEGDRLRSQLRQMTEAQTEPIAIIGMACRYPGG
BGC_17_LINKER_1_HC,BGC_17_gdmAI,BGC_17_gdmAII,HEAD,1,VFDHPRPSVLARRIRTELGHTDTSSVDSVLAELERLEAHLAALPKEKIERARITSRLQRMTTKVAEIEAVGTGGDTVTERLDTANADDVFAFIDQEFGVD
BGC_17_LINKER_1_TN,BGC_17_gdmAI,BGC_17_gdmAII,TAIL,1,MANDEKLLNYLKRVTADLHQTRERLRKAEAATEEPIAIVGMGCRFPGGVT
BGC_17_LINKER_2_HC,BGC_17_gdmAII,BGC_17_gdmAIII,HEAD,1,VDGDGTADGGAAGADGREREIRRVLASVPLRRFHELGVLDALVRLADSAAGDLSGLRDLGDLGDLGDLGTAAEAETSALAELDADELVSRAMRGTTFGND
BGC_17_LINKER_2_TN,BGC_17_gdmAII,BGC_17_gdmAIII,TAIL,1,MAASREDLVKALRTSLMDAERLKRENDRLIAESTEPVAIVAMACRLPGGV
BGC_18_LINKER_1_HC,BGC_18_nanA1,BGC_18_nanA2,HEAD,1,VELRDRLVAVGGLRLPAAVVFRHPTPEALAHRIEQQLAPDDTNNAAITDNADNAAKSNGNSNGTALDAADKLASATADEILDFIDNELGVLSEARPRPSN
BGC_18_LINKER_1_TN,BGC_18_nanA1,BGC_18_nanA2,TAIL,1,MVSEEKLVEYLRRVTTELHDARTRLRELEEGEQEPVAVVGMACRFPGGVR
BGC_18_LINKER_2_HC,BGC_18_nanA2,BGC_18_nanA3,HEAD,1,TELAPEEGASATAPDLYAPVLSRLTGLEETLAALASSGVNGGVNGGVADPGAVTARLESLLADWKAAHAPSRNGGTAAERLEAATTDQVLDFIDKELGVQ
BGC_18_LINKER_2_TN,BGC_18_nanA2,BGC_18_nanA3,TAIL,1,MSGGAVTTETNEERLVDYLKRVAADLHDTRARLREVEDGQREPVAIVAMA
BGC_18_LINKER_3_HC,BGC_18_nanA3,BGC_18_nanA4,HEAD,1,PDAETMARFLDQKLAPGDRTEAAAVDHLAPVLNDLARLESTLGSHDVDGKARETVAGRLHALLSRLEGSTASAADIDGEALESASDDEMFALIDQQLGSS
BGC_18_LINKER_3_TN,BGC_18_nanA3,BGC_18_nanA4,TAIL,1,MSSTEDKLRQYLKRVTVDLGEARARLRKAEQRQHEPIAITSMACRYPGGV
BGC_18_LINKER_4_HC,BGC_18_nanA4,BGC_18_nanA5,HEAD,1,FPSAKSLADYLRGRLVADGGSAAQAGVDPVLGELARLESTLSALDLPEADARAVTDRLEGLLAQWKAASAPPAEDNAADRLTLATADEVLAFIDNELGTS
BGC_18_LINKER_4_TN,BGC_18_nanA4,BGC_18_nanA5,TAIL,1,MPDEERLVDYLKRVATDLHDTRRRLREVEERHQEPIAITAMTCRFPGGVD
BGC_18_LINKER_5_HC,BGC_18_nanA5,BGC_18_nanA6,HEAD,1,SVFRYPTATAMAEHLRGELCPTGDDTAQPVLRELARLEAAVGESKPEGETSAQLVKRLQTLLWRLGDEAAAVDHTVDGEELESASDDEMFALIDQQLGSS
BGC_18_LINKER_5_TN,BGC_18_nanA5,BGC_18_nanA6,TAIL,1,MSTTEEKLRQYLKRVTLDLGQAKQRLREAEERHQEPIAITAMACRYPGGV
BGC_18_LINKER_6_HC,BGC_18_nanA6,BGC_18_nanA7,HEAD,1,VFDYPTPTALAGYLVSQVLPAEPADEPAAAHLDEIEATLAALDADDPRRAGLTHRLRLLLWRYADGDDALEPREETGGDDLETASADEMFALIDREFGES
BGC_18_LINKER_6_TN,BGC_18_nanA6,BGC_18_nanA7,TAIL,-1,MANDDKKLLDYLKRVTADLREAQRRLKDVEYARHEPVAIIGIGCRFPGDA
BGC_18_LINKER_7_HC,BGC_18_nanA7,BGC_18_nanA8,HEAD,-1,PTTVLFDYPSAEELARHLHGLLVADAASGEQLIMSELDGWDAAHAPDTVDEAACSRIAARLRLLADKWSDTARATGSHSDLETATAEDIFDLIATEFGKS
BGC_18_LINKER_7_TN,BGC_18_nanA7,BGC_18_nanA8,TAIL,-1,MILSRPREEEAPAMAKDEAKLLDHLKWVTAELRDTRRRLREAESTEPEPI
BGC_18_LINKER_8_HC,BGC_18_nanA8,BGC_18_nanA9,HEAD,-1,TLVFDIPTPALLAEHLREQLVSEGLSGSEALIQELDRLEDHVDLLVDDGERDAVTARLEALLTRCRQKPTAAEGNGVAERLQEASADEVLQFIDSHLGRA
BGC_18_LINKER_8_TN,BGC_18_nanA8,BGC_18_nanA9,TAIL,-1,MPSLRRNVMTVADAKVVEALRTSLLETERLRKENDRLRAAPREPVAITGM
BGC_18_LINKER_9_HC,BGC_18_nanA9,BGC_18_nanA10,HEAD,-1,AQRVRDLAGDGTVYLELGGHEVAGLLDGAGAHAVAALRPGVAEATSAATGLARAHARGTAVDWRAVFGPEARRVELPTYAFRRGRYWRAAFDMSLVRPDR
BGC_18_LINKER_9_TN,BGC_18_nanA9,BGC_18_nanA10,TAIL,-1,MEPNEEATHDEQLVARLASATPEERQRLLAAQVLRRASEVLDVPALDEES
BGC_18_LINKER_10_HC,BGC_18_nanA10,BGC_18_nanA11,HEAD,-1,EEATHDEQLVARLASATPEERQRLLAAQVLRRASEVLDVPALDEESNFLENGLSSLSAVQLAKSLMSDTGLEVPLVAIVEHPTSTLLGKYLAETYEADAA
BGC_18_LINKER_10_TN,BGC_18_nanA10,BGC_18_nanA11,TAIL,-1,MANQEQLVDYLKRVATDLHDTQQRLREVEARDRQPIAIVGMACRFPGGTD
BGC_19_LINKER_1_HC,BGC_19_plm1,BGC_19_plm2-3,HEAD,1,VFDHPTPNALARHLLGHLDFGAAGAAPADRPLLEVVEDLQNRVLSPLTDAATRQALAGRLTELLDRLAALDARPVAEADGLASASAAELMQFIDTELGDI
BGC_19_LINKER_1_TN,BGC_19_plm1,BGC_19_plm2-3,TAIL,1,MLDMTTDDSQLVAYLRKVTTDLQKTRLRLRDAETKHHEPIAIVGIGCRYP
BGC_19_LINKER_2_HC,BGC_19_plm2-3,BGC_19_plm4,HEAD,1,VFDHPSPAEVADFLCARFEPDRDALTHEILEKLDWLENTLLDAAHSQGARARFGSRLDALLARLDRTTAPPESRLSDPAADDIESATAEELLAFVEEHFD
BGC_19_LINKER_2_TN,BGC_19_plm2-3,BGC_19_plm4,TAIL,1,MSAARVASGSFPVDRGWDLDALFSEAADGKAASYVREGGFLYDAGWFDAS
BGC_19_LINKER_3_HC,BGC_19_plm4,BGC_19_plm5,HEAD,1,TLVFDHPTPEAVAGHLSRTILGDGAHTSSSLFTEIERLGSALGSADLDEAERNLVATRLRSLASRWDVGPSSGAGDVAQTLADADRAEVLAFIDRELGLS
BGC_19_LINKER_3_TN,BGC_19_plm4,BGC_19_plm5,TAIL,1,MRSEEQLLDYLKRVTADLHDTRVRFQAAEEAAREPVAIVGMGCRYPGGVF
BGC_19_LINKER_4_HC,BGC_19_plm5,BGC_19_plm6,HEAD,1,TLPATLLFDLPSPSALAHHLLTRMGVQESKSPVAEAVDHLTALLTTHDVGDLERGRVTARLRSLLWRLDDGGAESTEDAADQAETDDDIFALADRELGLA
BGC_19_LINKER_4_TN,BGC_19_plm5,BGC_19_plm6,TAIL,1,MNRPPNPSRSSAWGAVSPGGVQSPQDLWELVAAEVDAIGPLPADRGWPLD
BGC_19_LINKER_5_HC,BGC_19_plm6,BGC_19_plm7,HEAD,1,FDHPTPAEAAAFLLTLLLPEGADGDPAVSAESELDRLEAALAGWDAGSVGRARITMRLSSILARWKETGPSAEEDAADADLADASDDDMLDALGREFGIS
BGC_19_LINKER_5_TN,BGC_19_plm6,BGC_19_plm7,TAIL,1,MRHFLTELTAELRQAKKRISAYEAEENEPVAIVGMGCRLPGGASNPAELW
BGC_20_LINKER_1_HC,BGC_20_monAI,BGC_20_monAII,HEAD,1,PPAADTVLSDLTRMENTLSVLAAQLPHTETGEITTRLEALLTRWKTTNATANDSGDGNGGDDDAAERLKAASADQIFDFIDNELGVGHGTSRVTPTPKAG
BGC_20_LINKER_1_TN,BGC_20_monAI,BGC_20_monAII,TAIL,1,MASEEQLVEYLRRVTTELHDTRRRLVQEEDRRQEPVALVGMACRFPGGVA
BGC_20_LINKER_2_HC,BGC_20_monAII,BGC_20_monAIII,HEAD,1,VRDAYGAGGPGGDMTAQVLLEVARVEHTLSAAVPHGLDRAAVAARLEALLARCTATTAATGAAGAAVEGDGDSDGDGAVDQLETATAEQVLDFIDNELGV
BGC_20_LINKER_2_TN,BGC_20_monAII,BGC_20_monAIII,TAIL,1,MVSEEKLVDYLKRVSADLHATRQRLREAEERGQEPVAVVEAACRYPGGIR
BGC_20_LINKER_3_HC,BGC_20_monAIII,BGC_20_monAIV,HEAD,1,SATLVDHLLERLSPDGAPPPVKDAADPVLNDLGRIESSLDALALDADARSRVTRRLNTLLSKLNGAATAGSPADVTDLDALDALDDVSDDEMFEFIDREL
BGC_20_LINKER_3_TN,BGC_20_monAIII,BGC_20_monAIV,TAIL,1,MSSAEESSPDVSGTGVSGTGESATGTSSTEAKLRQYLKRVTVDLGQARRR
BGC_20_LINKER_4_HC,BGC_20_monAIV,BGC_20_monAV,HEAD,1,HPDADILAEHLGAQLAPDGDTPAGAEATDPVLRDLAKLENALSSTLVEHLDADAVTARLEALLSNWKAASAAPGSGSTKEQLQVATTDQVLDFIDKELGV
BGC_20_LINKER_4_TN,BGC_20_monAIV,BGC_20_monAV,TAIL,1,MASEEELVDYLKRVAAELHDTRQRLREVEDRRQEPVAVVGMACRFPGGIE
BGC_20_LINKER_5_HC,BGC_20_monAV,BGC_20_monAVI,HEAD,1,AIADELRAQLAPAGADPAAPLFGELDKLETVITGHAHDESTRTRLAARLQNLLWRLDDTSARSDHAAGASDADGDAVENRDLESASDDELFELIDRELPS
BGC_20_LINKER_5_TN,BGC_20_monAV,BGC_20_monAVI,TAIL,1,MPGTNDMPGTEDKLRHYLKRVTADLGQTRQRLRDVEERQREPIAIVAMAC
BGC_20_LINKER_6_HC,BGC_20_monAVI,BGC_20_monAVII,HEAD,1,PTPRTLAAHLLDRVLPDGGAAELPVAAHLDDLEAALTDLPADDPRRKGLVRRLQTLLWKQPDAMGAAGPADEEEQAAPEDLSTASADDMFALIDREWGTR
BGC_20_LINKER_6_TN,BGC_20_monAVI,BGC_20_monAVII,TAIL,-1,MAHTEEKLLEYLKRVTADLRQTERRLQDVESAGHEPVAVIGMACRLPGGV
BGC_20_LINKER_7_HC,BGC_20_monAVII,BGC_20_monAVIII,HEAD,-1,FDHPTPEALATHLRGQLGDGAEVAGEGDVLAALDKWDTAFGAAEVDEAARRRIVGRLQVLVSKWSPAQDGPEGTDSAHADLEAASADDIFDLISSEFGKS
BGC_20_LINKER_7_TN,BGC_20_monAVII,BGC_20_monAVIII,TAIL,-1,MSNEEKLLDHLKWVTAELRQARQRLHDKESTEPVAIVGMACRYPGGARSA
BGC_21_LINKER_1_HC,BGC_21_melB,BGC_21_melC,HEAD,1,MPAEERLARVESFLRAEVARQLELTQDLSDWSLPLVRFGFDSLMGMKIKARIEQTLGISVSTARLLSGLCLPDLVTLVIEQLAVLPPESALDEQMEEFRF
BGC_21_LINKER_1_TN,BGC_21_melB,BGC_21_melC,TAIL,1,MGVELKVEDEHLRVRAARNVITPELQRRIAANKAELLALCQQREAPERAR
BGC_21_LINKER_2_HC,BGC_21_melC,BGC_21_melD,HEAD,1,MLHAKGNRALAASAAFSFFFVCDRRVLAPIHGEKWRDYALLEAGLMAQLLEMRASDLDLGLCQVEAPRAEELRGVFQWEEEHTLLHALVGGGLEWEEGSL
BGC_21_LINKER_2_TN,BGC_21_melC,BGC_21_melD,TAIL,1,MTTAEFIIELQRKGIDLWVEGDALRFRAPPGHLTEEIRAGLKERKAQLIE
BGC_21_LINKER_3_HC,BGC_21_melD,BGC_21_melE,HEAD,1,GMDSLMAIELRGRFQSSLGVERTLAATLVFDHPTIDALTHHLATEILGLEPLAPSSPGHVPDKAEAEGPSLENLEQLPQDELGALLDQKLADLEKLVGDA
BGC_21_LINKER_3_TN,BGC_21_melD,BGC_21_melE,TAIL,1,MSTEQNEHSARLARALVALEKMQARLEASEREKREPIAIIGMACRLPGGG
BGC_21_LINKER_4_HC,BGC_21_melE,BGC_21_melF,HEAD,1,SLMSVELKNHLEKSFRHKLPSTLVFEYPTVDELTNFLAKELPAFAALIPAHVAPPSIPIAAPEDSAPVDDAILELLGEAQRLSETELHSLAQSLSGDGSK
BGC_21_LINKER_4_TN,BGC_21_melE,BGC_21_melF,TAIL,1,MSDVMEKLVRGLSPEKRVNLAKMLLRSAGESVPESSATEPIAIIGVGCRF
BGC_21_LINKER_5_HC,BGC_21_melF,BGC_21_melG,HEAD,1,ADASQRGVLLDGYLREQTANLLRMPAAKLDLSQPLHTLGMDSLLTMELKHKIHVETGVNVPLDELLEGASLARLSKSVAERLSSTGVAAPKAADWEEGEL
BGC_21_LINKER_5_TN,BGC_21_melF,BGC_21_melG,TAIL,1,MMSAEELVAELSRQGVTLWVEGDRLKYRAPKGALSPETLSLVAGHKAALI
BGC_22_LINKER_1_HC,BGC_22_fscA,BGC_22_fscB,HEAD,1,LPPTLIFDHPTPTAVARLIGETVRGSSVPGRRDAVSLVDELEALLVSGAEVDSDTAARLRSLAGRWAPSATGTAADANGPLDLDDASDEELFRLMDGGAP
BGC_22_LINKER_1_TN,BGC_22_fscA,BGC_22_fscB,TAIL,-1,MSNEDRLRAYLKRAVTDLQEARQQLSDAENRDREPVAVVAMACRYPGGVR
BGC_22_LINKER_2_HC,BGC_22_fscB,BGC_22_fscC,HEAD,-1,LIFDHPDPAALVRHLQTELGTGAGEPDQAVFAELAALEAAVGGAALDDQDRARLAQRLKALGWKLDATSQDADEPDDDSDLDTTTDDEMFDLIDNELGLA
BGC_22_LINKER_2_TN,BGC_22_fscB,BGC_22_fscC,TAIL,-1,MASSEAKLRDYLKKVTTDLRRTRQRLETVEARESEPIAVIGMACRFPGGV
BGC_22_LINKER_3_HC,BGC_22_fscC,BGC_22_fscD,HEAD,-1,YPTPGELVAHLYTRVAPAPADGSAVVLAELDKLERAFAGAEVGAELFDQVAGRLEVLRGKWQEMRAEALKGGEKAEESFDFASASDEDMFDMLDNELGLS
BGC_22_LINKER_3_TN,BGC_22_fscC,BGC_22_fscD,TAIL,-1,MGCVDMDKEQKLRDYLKRASADLKRSRQRVTELEAAATEPIAIVGMSCRY
BGC_22_LINKER_4_HC,BGC_22_fscD,BGC_22_fscE,HEAD,-1,HILGQLLPAGTPGAPATDGAGEEERAVRAALAQVPLDRLRDSGLLDQLLDLAGQDPAGTGTDQEAEPSGAGDAYDASIDAMDVDGLVQAALNGNPDEERD
BGC_22_LINKER_4_TN,BGC_22_fscD,BGC_22_fscE,TAIL,-1,MTTPSEKVVEALRASLKETERLRRQNRDLAAAASEPVAVVAMSCRYPGGV
BGC_22_LINKER_5_HC,BGC_22_fscE,BGC_22_fscF,HEAD,-1,YPTPTALAEHFVAELAGDDAVPQGPSLLAELDRFETLLSAGDPDEITRAGLALRLGQMLDQVRGNAPEQAGSSLDDDFESASTDEVFAFIDNELGRLGDL
BGC_22_LINKER_5_TN,BGC_22_fscE,BGC_22_fscF,TAIL,-1,MPDDKKLVDYLKWVTADLHKTRRRLEEAEAHRREPIAVVGMACRLPGGVA
BGC_23_LINKER_1_HC,BGC_23_aurA,BGC_23_aurB,HEAD,1,RTFTDIGFDSLRALQLRNRLNGATGLRLPATLVFDHPTPVELGRYLRTRLVPDAPSAPDTAEAVTPPPAAPGEGNEAMEQLRSAASLEEVFDLLDDQLGK
BGC_23_LINKER_1_TN,BGC_23_aurA,BGC_23_aurB,TAIL,1,MTNDAKTLEYLKRLTAELLETRERLRTAEAADQEPVAVVSMGCRYPGGVS
BGC_23_LINKER_2_HC,BGC_23_aurB,BGC_23_aurC,HEAD,1,ATLVFDHPTPAALTDHIESVLLAGLGSPADPLLARLDDWAAGLAATALDDDERERVAARLRALAGQWGAPDDGATSIADELDGATDDEVLDFISNELGIS
BGC_23_LINKER_2_TN,BGC_23_aurB,BGC_23_aurC,TAIL,1,MATDDKIRYFLKKVTADLHETRGRLKELEDAAAEPIAVVAMGCRFPGDVR
BGC_24_LINKER_1_HC,BGC_24_mlsA1,BGC_24_mlsA2,HEAD,-1,LHTRLTQIESPNSEDSMLNLKNLDRIESYIFRNSGEDRAHVIANRLRSILSKWDGTRSPELPAELHLESATDDELFSLANMFRTPTSEISPTLEGGRGVN
BGC_24_LINKER_1_TN,BGC_24_mlsA1,BGC_24_mlsA2,TAIL,-1,MVSTEENLRVYLKQVITDLHQMQARLRKIEKQRSERVAVVGMACRFPGGV
BGC_25_LINKER_1_HC,BGC_25_vinP1,BGC_25_vinP2,HEAD,1,VFDYPTPDAVAGYFKEHLVIEEEDSTAELMREIARLEAAVTSAASSAGGAGLAPAVDRLRAMAAKLADADAQRADEDDPGLESATADELFDILDGELSTD
BGC_25_LINKER_1_TN,BGC_25_vinP1,BGC_25_vinP2,TAIL,1,MENEKKLLDYLKRATTDLREARRRLREMEEKDQEPIAIVGIGCRFPRGVE
BGC_25_LINKER_2_HC,BGC_25_vinP2,BGC_25_vinP3,HEAD,1,LLAELAPGLPAEDPVGTRLLEQIARIEAVLSEVSEVTDETSSLSDMDADARSGITARLNDILTAWNRAQRAPGHDAVAAELDDASDDEIFDFIDSTFGKS
BGC_25_LINKER_2_TN,BGC_25_vinP2,BGC_25_vinP3,TAIL,1,MANEAKLREYLKRVTTDLHETNERLREVEGRANEPIAIVGMSCRFPGGVE
BGC_25_LINKER_3_HC,BGC_25_vinP3,BGC_25_vinP4,HEAD,1,ATPVALAAHLRSELFTDDAAASGEVPLLAELDRIEAAVTSLPSADIERMHLTSRLQSLVTKLNDIVGAGAPLEAEAIADKLETATADDIFAFIDKDLGLN
BGC_25_LINKER_3_TN,BGC_25_vinP3,BGC_25_vinP4,TAIL,1,MSNEEKLLDYLKRVTADLHATRQRLREAESDEQEPIAVVAMGCRYPGDVR
BGC_26_LINKER_1_HC,BGC_26_borA1,BGC_26_borA2,HEAD,1,APAVPAPSRDDEPIDAETAVLTALERADEALERLRAPHARTPRQETGRRIDELLRSLTDKARRMRQADAVDDVDDPATDRFAAATDDEMFELLEKRFGIS
BGC_26_LINKER_1_TN,BGC_26_borA1,BGC_26_borA2,TAIL,1,MAHEDKLRHLLKRVSAELDDTQRRVREMEESEREPIAIVGMSCRLPGGVN
BGC_26_LINKER_2_HC,BGC_26_borA2,BGC_26_borA3,HEAD,1,ATLVYDHPTLSSLADHLHEQLVIDGTPMTDTAADLLAELDALAARLAAVGLEPEARARIGRRLKDMQTACEPRSESSRDLKSASRTEVLDFLTNELGISR
BGC_26_LINKER_2_TN,BGC_26_borA2,BGC_26_borA3,TAIL,1,MPNDEELLDYLKRTASNLQEARQRVHELEESEREPIAIVGMSCRLPGGVN
BGC_26_LINKER_3_HC,BGC_26_borA3,BGC_26_borA4,HEAD,1,SPAALAAHLVEHLVGTVDPTAQAMEQLEALRRSVHAATPAGGLDRALVTQRLTALLDEMRHVDGPGGTEGPDGSGDDLENATADEIYALIDNELGIGGTQ
BGC_26_LINKER_3_TN,BGC_26_borA3,BGC_26_borA4,TAIL,1,MTADLRSARARLQELESADTDPIAIIGMGCRLPGGVRTPEDLWDLVEKKH
BGC_26_LINKER_4_HC,BGC_26_borA4,BGC_26_borA5,HEAD,1,STALAAYLGARLGIDGAPAGSTLLEDLARLESTVATLTAAPLAETVPDARDRAALTTRLRALLERWDQADGEDQAAAREELDDLSDDDLFDFIDAKFGRS
BGC_26_LINKER_4_TN,BGC_26_borA4,BGC_26_borA5,TAIL,1,MTSVGRRQLHVHPEDHDHHAKRTGLSMGDEQKLRTYLRRVTADLADVTER
BGC_26_LINKER_5_HC,BGC_26_borA5,BGC_26_borA6,HEAD,1,VFDHPSPTALAGHLAGLLGAATPSAAEPVLAAVGRLRADLRSLTPDAEGAEDVTIQLEALLAEWREAAEKRAPEAVGDEDLSTATDDEIFALVDSELGEA
BGC_26_LINKER_5_TN,BGC_26_borA5,BGC_26_borA6,TAIL,1,MTAEASQDKLRDYLRKTLADLRTTKQRLRDTERRATEPVAIVGMSCRLPG
BGC_27_LINKER_1_HC,BGC_27_jamA,BGC_27_jamC,HEAD,1,AALAVEIKGEERLIVVQEVERSYQKTLDINEVVGNIREAVTDEHDLQVYSVVLIKAGSIPKTSSGKIQRSACRVKFLEGTLDQWEARVKVTSKSGAAVSS
BGC_27_LINKER_1_TN,BGC_27_jamA,BGC_27_jamC,TAIL,1,MENLTVETQNLTSLDNGSIEEKNGPTVDEVQEWLISYLSQLLDLEIEEIS
BGC_27_LINKER_2_HC,BGC_27_jamC,BGC_27_jamE,HEAD,1,MENLTVETQNLTSLDNGSIEEKNGPTVDEVQEWLISYLSQLLDLEIEEISTSTSFNRYGLDSSASISLTSDFGDWISKEIDPTILYSYPTIEAMAEHFGA
BGC_27_LINKER_2_TN,BGC_27_jamC,BGC_27_jamE,TAIL,1,MMNKEPIAIIGMGCRFPGAKNPEAFWELLCNGIDAITEVPASRWDNELFY
BGC_27_LINKER_3_HC,BGC_27_jamE,BGC_27_jamF,HEAD,1,QTYNLNLKATKLYDYPTLLELSAYIAQEITATGSSKLPQGNGNGGYSQESSPNHASQGDSSEEMSQKVRLRAILNKVANNELTVQEANQLVQQLKQQVTV
BGC_27_LINKER_3_TN,BGC_27_jamE,BGC_27_jamF,TAIL,1,MSKEQVLKLITKYTREVAPELEEVPLEPTDSLKNLGIDSVNRAEIIMMVM
BGC_27_LINKER_4_HC,BGC_27_jamF,BGC_27_jamJ,HEAD,1,MSKEQVLKLITKYTREVAPELEEVPLEPTDSLKNLGIDSVNRAEIIMMVMEDLSLNIPRVEFAGANNIGELADLFAAKL
BGC_27_LINKER_4_TN,BGC_27_jamF,BGC_27_jamJ,TAIL,1,MAKLNLNQDLGNGNSEVVQLAELGDGIVQITMNDEKNRNSFSKNFIDKLF
BGC_27_LINKER_5_HC,BGC_27_jamJ,BGC_27_jamK,HEAD,1,GFFDLGMDSLSSVELRNKLQNSLDYSLPSSLAFDYPTVEKLVDYLVGKVVAKESYDTLVPKPTENKNDQKQEKLLADTKELSEEQLEELINQELNLIINE
BGC_27_LINKER_5_TN,BGC_27_jamJ,BGC_27_jamK,TAIL,1,MKDSSHNLEQLSPLQKSFLVIERLKSKVDTLEKSQREPIAIIGMGCRFPG
BGC_27_LINKER_6_HC,BGC_27_jamK,BGC_27_jamL,HEAD,1,FMEMGMDSLTTVELKNRLQAQLGIALPGTVAMEYPTIETLSQYILKEVMGWQSVADSENNLPELEEVDVDDQILPVIENISEEEFEALAAQQLEKIKSML
BGC_27_LINKER_6_TN,BGC_27_jamK,BGC_27_jamL,TAIL,1,MEPTTNKDQLSLSKQMFLALKQAETKLEMMELAKSEPIAIIGIGCRFPGN
BGC_27_LINKER_7_HC,BGC_27_jamL,BGC_27_jamM,HEAD,1,QIEKVGIYDNFFEMGGNSLLLVKVSSKLQELFKMELQVVELLKYPNISYLSQYIKSETPKTKNLTEARNVRDYKLKEGKKNMRQRLEGRQRHRSKNKIRE
BGC_27_LINKER_7_TN,BGC_27_jamL,BGC_27_jamM,TAIL,1,MERQDEQTFIDDLGIAIIAIGGRFPQAEDTNQFWQNLKNGVESISFFSDQ
BGC_27_LINKER_8_HC,BGC_27_jamM,BGC_27_jamN,HEAD,1,IMNILSLENQKETYLVKLLNKGDIQGLIKHIDKKVELSEKESSLLPDLLKKIMDIHQQERNPPKEEISLLKTDVIDEMLKTDIMELNKLLSEVENSSENG
BGC_27_LINKER_8_TN,BGC_27_jamM,BGC_27_jamN,TAIL,1,MSDIQERLAKLSPEQRQVLEEKIIESEKYNELKGTRGSNEDPLKSYYRSL
BGC_27_LINKER_9_HC,BGC_27_jamN,BGC_27_jamO,HEAD,1,YFQTQVGHILGNTQAKPEVEQPLNMMGIDSLRAVELRNMVEKDLGIDVKISDFMRDISISILVTKVLELLEERELEQKVSLISTDSQEITEDEDIEEITL
BGC_27_LINKER_9_TN,BGC_27_jamN,BGC_27_jamO,TAIL,1,MNLNQVLSQLANQGVKIWAEDDKLKVRAPKGRLTEETRELISKNKTELLK
BGC_27_LINKER_10_HC,BGC_27_jamO,BGC_27_jamP,HEAD,1,WQEVLQIEKVGIYDNFFELGGHSLLIIKVHKKLQEVYAQNISIVKLFQYPNISEFSKYLIDLERXXETDSLTTGQAKARTDRKTSIKQQRLQRQKNRRNK
BGC_27_LINKER_10_TN,BGC_27_jamO,BGC_27_jamP,TAIL,1,MITTNSIDDSAIAIIGISGRFPKAKDIETFWKNLQEGVECIDFFSEEELL
BGC_27_LINKER_11_HC,BGC_27_jamP,BGC_27_jamQ,HEAD,1,NLLPNNFQIPQTRQIIRLFKANMEAMWNYKPRIYPGKIIFFRAQDRREKYDPIHPEYPWIELAASGIEIHPVSATHVTMNYDPHVQVIAEKLKFYLEQHN
BGC_27_LINKER_11_TN,BGC_27_jamP,BGC_27_jamQ,TAIL,-1,MEEEMSMIDNRKLCASEQAMEILNRLTRSSNVVVIGRILSPLSEEIVRQA
BGC_28_LINKER_1_HC,BGC_28_eryAI,BGC_28_eryAII,HEAD,-1,TRLDVDVPAAPSGTQGDGLDRLEQELVALDDAGRAAAVDRLLAVVARLRTTPAEPGPDEVADLAPDEVEDDVEVDDDLLDADLDELVAALGRELGDDGGT
BGC_28_LINKER_1_TN,BGC_28_eryAI,BGC_28_eryAII,TAIL,-1,MNEQDPQDRTAALLRRATTELRAARRRVQQLESDPVAVVSMACRLPAGID
BGC_28_LINKER_2_HC,BGC_28_eryAII,BGC_28_eryAIII,HEAD,-1,AVAERLLEDLEPVVEHDASSLEEQLAALERAVRDATPDQLPADLGSRVRGLLDVLPAGEVEGRAWDGGAAAAALVDDDTSDDELFSLLDARLGAEGDQDR
BGC_28_LINKER_2_TN,BGC_28_eryAII,BGC_28_eryAIII,TAIL,-1,MEARLRQYLKRTLGELESVTAELDEVTAQSREPVAVVGVACRLPGGIDTP
BGC_29_LINKER_1_HC,BGC_29_curA,BGC_29_curB,HEAD,1,QTYNLNLKATKLYDYPTLLELAPYIAQEIAATGGSKLFQGNGNGGHPQESLPNNGSPVNSSEEMDPKLRLRAILNKVAKKELTIQEANKLVQQIKKQVTV
BGC_29_LINKER_1_TN,BGC_29_curA,BGC_29_curB,TAIL,1,MSKEQVLKIIKKYTREIAPELEDSPLEPTDSLKKLGIDSVNRAEIIMMVM
BGC_29_LINKER_2_HC,BGC_29_curB,BGC_29_curC,HEAD,1,MSKEQVLKIIKKYTREIAPELEDSPLEPTDSLKKLGIDSVNRAEIIMMVMEDLSLNIPRIELAGAKNIGELADLFAAKL
BGC_29_LINKER_2_TN,BGC_29_curB,BGC_29_curC,TAIL,1,MNDIKITGMGIVTPIAQEVESFREALFSGKTQFGYLQRPGRESPSKKFIG
BGC_29_LINKER_3_HC,BGC_29_curC,BGC_29_curD,HEAD,1,PIGDNTEVSALKSTGVDHCLLNSTKSLTGHCLTAAGAIEAIATLLQMNSSFCHPTHNLVDPIDDNLNWVKETAVQGEINYAISNSFAFGGINTALLLGKE
BGC_29_LINKER_3_TN,BGC_29_curC,BGC_29_curD,TAIL,1,MPSAIALLLAASIQLYYWARSKAMQQVGIEALSVYGGAAQLELRKLAQAR
BGC_29_LINKER_4_HC,BGC_29_curD,BGC_29_curE,HEAD,1,RIGMFSYGSGCCSEFYSGVVTPEGKQIQAQQGISAQLADRYSLSMEEYEQLLYHSSAVAFGTRNVTLDYQLFPGVWKKIAGKGRLVLKAIKEFHRKYEWV
BGC_29_LINKER_4_TN,BGC_29_curD,BGC_29_curE,TAIL,1,MYYKTIKINHQPAVQRIQLYRPEANNSINDQLTQELLSALQAVEGEETVK
BGC_29_LINKER_5_HC,BGC_29_curE,BGC_29_curF,HEAD,1,KAYRLSLTTQPISGSEAYNWGLVDEYDSNPNKLISQYIRRLRYLPLSGVKELKDYMNKLWIIQAETQNLAANKSASLLGDPTIQAKIKQFAKEGVYPWQN
BGC_29_LINKER_5_TN,BGC_29_curE,BGC_29_curF,TAIL,1,MAELNLNRDLGTSNSEVVQLTELGNGVVQITMKDESSRNGFSPSIVEGLR
BGC_29_LINKER_6_HC,BGC_29_curF,BGC_29_curG,HEAD,1,WTEVLELEEVGIHDNFFAIGGNSLLVIRVHNKLQELLGIELKVVDLFANPTVHFLSQHLTQIGSKELFMETSKTRGDERVKKGTTRKERRNIRKSLRGKK
BGC_29_LINKER_6_TN,BGC_29_curF,BGC_29_curG,TAIL,1,MMDDLEDLNDNQDIAIIGISGRYSGADDIEQFWQNVRDGVESICLFSEQE
BGC_29_LINKER_7_HC,BGC_29_curG,BGC_29_curH,HEAD,1,VGFFEMGMDSLTAVDLRDRLSKLLGVNLSSTLTFDFPNIEKLEKYLINQHLVKVGLFRTEIDQDQQEDDSLEAKLLDEIKQSSNQELESSIDQILESIIN
BGC_29_LINKER_7_TN,BGC_29_curG,BGC_29_curH,TAIL,1,MLNKFTKKEQILSEKQQIKQLSPLQRAALALKKLETKLNNTLHEPIAIIG
BGC_29_LINKER_8_HC,BGC_29_curH,BGC_29_curI,HEAD,1,QPLFDLGLDSLMAVELKNRLESSLETNLSSTLLFDYPTVEALVEYLANDVIPIEFSSNLDEIENLEQEEIDNTFRFQEMSEDEMANILARKLESLEGKKS
BGC_29_LINKER_8_TN,BGC_29_curH,BGC_29_curI,TAIL,1,MKKSQSSRTIDYKALMENAFLQIETLQSKLEAFENQEKEPIAIIGMGCRF
BGC_29_LINKER_9_HC,BGC_29_curI,BGC_29_curJ,HEAD,1,FMEMGMDSLTTVELKNRLQAQLGITLPGTVAMEYPTIDKLSRYIFEEVMGWKSVADSESNLPERKEVDVDEQILPVIEDISEEEFEALAAQQLEKIKSML
BGC_29_LINKER_9_TN,BGC_29_curI,BGC_29_curJ,TAIL,1,MEPTTNKEQLSLSKQMFLALKQAEAKLEMMELAKSEPIAIIGIGCRFPGN
BGC_29_LINKER_10_HC,BGC_29_curJ,BGC_29_curK,HEAD,1,SLTSVEFRNKLQTSFDCSLPSTIAFEYANIESLTDYLENKVILSSNSTAASEAETLDDMVDEGSLESELSESLAAEINQLSEDEMDLAVSQAVSQLDQLL
BGC_29_LINKER_10_TN,BGC_29_curJ,BGC_29_curK,TAIL,1,MELSSQTTQLSNQQLLLLKIQQATAKLHEIETAATEPIAVIGIGCRFPGG
BGC_29_LINKER_11_HC,BGC_29_curK,BGC_29_curL,HEAD,1,LGLDSLTAVELKNRLESSLGTSLSSTLLFDYPTVEALVEYLANDVMPIDFSSHLDQTEKALDEEDVVADGSSQLSDITELSEIELEASVLQEIEALEKLI
BGC_29_LINKER_11_TN,BGC_29_curK,BGC_29_curL,TAIL,1,MNLKQEQEKEQSLSALQRALIALKDARSKLEKYETQSKEPIAIIGMSCRF
BGC_29_LINKER_12_HC,BGC_29_curL,BGC_29_curM,HEAD,1,GFFDMGMDSLLTVELRNLLSSNLGCSISAAELFGTSNIQNLAEHLIKEILPEGQEEEEVDLDDSQNTQNLDSAQIETQGKVDHAIAAELQEIKNLLKEGN
BGC_29_LINKER_12_TN,BGC_29_curL,BGC_29_curM,TAIL,1,MSNVSKTTQQDVSSQEVLQVLQEMRSRLEAVNKAKTEPIAIVGMACRFPG
BGC_29_LINKER_13_HC,BGC_29_curM,BGC_29_curN,HEAD,1,LRTEAARIRPFRQRRRLPTYRSRRRAWCAPCRVRKFNVAKTSNVAPCHICSWNGRSGCRGGRCAGCGPGPVAAAASTADLVGISIRQKDGRGRGGDNRLC
BGC_29_LINKER_13_TN,BGC_29_curM,BGC_29_curN,TAIL,1,MSQKLLMSRRATFAAGTAGLVAVAAGVPVAGRAQSQPPLQLPISSEFPFA
BGC_30_LINKER_1_HC,BGC_30_ChmGI,BGC_30_ChmGII,HEAD,1,LAELLAAEGRDDAGAAALSGIDALDRAVREMAADDTRRDAVRRRLAELLAVVGDAPRDGGRAPRAAADAGGRDAQADPDLLGRLDSASDDDLFAFIEDQL
BGC_30_LINKER_1_TN,BGC_30_ChmGI,BGC_30_ChmGII,TAIL,1,MTANDDKIRDYLKRVVAELHSTRQRLNALEHDAREPIAIVGMSCRLPGGV
BGC_30_LINKER_2_HC,BGC_30_ChmGII,BGC_30_ChmGIII,HEAD,1,ELPKAAQEIPADLPAVLDALDRIRDGLATAATDDSSRDHIAERLQALLGTLTSAAGVSRPTGSPGEHDRQGPDELSLGQRLAASSDDELFDLFDSDFRST
BGC_30_LINKER_2_TN,BGC_30_ChmGII,BGC_30_ChmGIII,TAIL,1,MSSTSPATNEEKLRDYLRRAMTDLHEAREQIRRTESARHEPIAIVGMGCR
BGC_30_LINKER_3_HC,BGC_30_ChmGIII,BGC_30_ChmGIV,HEAD,1,RSRLVPEGTDVPPLLAELGRLETAFKKLTTADLASVVPDDIARDEIAVRLAALGSLWNGLHGNGLSGDAAQKHGDSIVEDIDSADDDEIFAFLDESFGDS
BGC_30_LINKER_3_TN,BGC_30_ChmGIII,BGC_30_ChmGIV,TAIL,1,MATEHEQKLRDYLKRATTELHKATERLKEVEQRAHEPVAIVGMGCRFPGG
BGC_30_LINKER_4_HC,BGC_30_ChmGIV,BGC_30_ChmGV,HEAD,1,HPNARAAASRLDVLLAASSDETAQEAEIRQALRTVPLARLRAAGLLDGLLELAGLEAEPGLPGDVPDRGAATPDEESALAEVDGLDAEALVDLVLNQSDS
BGC_30_LINKER_4_TN,BGC_30_ChmGIV,BGC_30_ChmGV,TAIL,1,MALSQEKVLEALRTSVKDAERLRKRNRELLAARHEPIAVVGMACRYPGGV
BGC_31_LINKER_1_HC,BGC_31_Orf9,BGC_31_Orf10,HEAD,1,LVFDYPTPAALAAHIRAELLGEDTTPELPALAEIDKLEFLLSSVPEDTTERARVTARLESLLSNWNRAERAVIGEDEEISIESASADDLFDIINNEFGKS
BGC_31_LINKER_1_TN,BGC_31_Orf9,BGC_31_Orf10,TAIL,1,MASANEEKLLENLKWMTNELRRARRRLHEVEADAQEPIAIVAMSCRFPNG
BGC_31_LINKER_2_HC,BGC_31_Orf10,BGC_31_Orf11,HEAD,1,GPDVPALDTDPQEAELRRTLAAIPLGRIREAGLLDTLLRLAGPDTPAPATSTADESESIDTMDLQDLLDLALDGGGDPDGLNGLDSLDGPSGNDNDSNRF
BGC_31_LINKER_2_TN,BGC_31_Orf10,BGC_31_Orf11,TAIL,1,MTTPNEKVVEALRASLKETERLRRRNQELTDAAREPIAIVGMSCRFPGGV
BGC_31_LINKER_3_HC,BGC_31_Orf11,BGC_31_Orf12,HEAD,1,PAALAQHLLSEVAPDTAERKLSVLEELDRLESTFSSLAPAELSAAAGDEAAHARVAVRLQTLLAQWNDARLAEGGSGAHAIEEASDDELFALIDKKFGQG
BGC_31_LINKER_3_TN,BGC_31_Orf11,BGC_31_Orf12,TAIL,1,MANEAKLREYLKKVTTDLDEAYGRLREIESQAHEPIAITAMSCRFPGGVR
BGC_31_LINKER_4_HC,BGC_31_Orf12,BGC_31_Orf13,HEAD,1,AAAGGAPLLEELDKLEAVLERGTADNVVRARVTMRLQKLLGKWNESEDQSGAEVWAAAANGSGSGIGAGSADGVLDEVEQLQEASDEELFAFINKGLGRA
BGC_31_LINKER_4_TN,BGC_31_Orf12,BGC_31_Orf13,TAIL,1,MANEETLRDYLKLVTADLHQTRQRLRDVEAKNQDPIAIVGMGCRYPGGVT
BGC_31_LINKER_5_HC,BGC_31_Orf13,BGC_31_Orf14,HEAD,1,TLIFDYPSPTALAAYLAERLGQGDPSRRPVHAELDKLESILSTVGPDDVERAGITARLRDLLAKWNETHSAQDSAADEREIQSATADEIFDLLDDELGLS
BGC_31_LINKER_5_TN,BGC_31_Orf13,BGC_31_Orf14,TAIL,1,MVNEEKYLDYLKRATTDLREARRRLREVEEREQEPIAVVAMSCRYPGGID
BGC_31_LINKER_6_HC,BGC_31_Orf14,BGC_31_Orf15,HEAD,1,FDYPTPEALSGHLRSALPLDEDGPSVFSELDRLESALGAADADSVTRSRITMRLQALMTKWNDAQDANGGAPDEDADDGALETATDDELFDLLDNELGAS
BGC_31_LINKER_6_TN,BGC_31_Orf14,BGC_31_Orf15,TAIL,1,MVNEDKLRDYLKRATADLRQARRRLREVEDKNQEPIAIVAMSCRYPGGVR
BGC_31_LINKER_7_HC,BGC_31_Orf15,BGC_31_Orf16,HEAD,1,TLVFDHPTPTILAEFLRAEITQDGSAGAAPGITELEKLESALSVLDPDSETRTDIALRLQALLAKWGEPHIESSGEAVTEKLQEATPDELFEFIEKEFGI
BGC_31_LINKER_7_TN,BGC_31_Orf15,BGC_31_Orf16,TAIL,1,MGEVPMADQDKILGYLKRVTADLHQTRQRLREVEAQEPEPIAIVGMSCRF
BGC_31_LINKER_8_HC,BGC_31_Orf16,BGC_31_Orf17,HEAD,1,FDYPTPDALVEYLRDELWQDGAAAVPPLLAELDRLEKTLVASVPDDDGRTRITERLQALLAAWSEAGESTDTADADVAEALETATDDDLFDFIGKEFGIS
BGC_31_LINKER_8_TN,BGC_31_Orf16,BGC_31_Orf17,TAIL,1,MNEEKLRYFLKRVTADLHETRRRLQEVESEEQEPIAIVGMSCRYPGDVES
BGC_32_LINKER_1_HC,BGC_32_ctaB,BGC_32_ctaC,HEAD,1,MAPEERLARVESFLRGEVARLLELTQDLSDWSLPLVRFGFDSLMSMKLKARLEQTLGIAVSTARLLSGLCLPDLVTHVIEQLAVLPPESALDDQMEEFQF
BGC_32_LINKER_1_TN,BGC_32_ctaB,BGC_32_ctaC,TAIL,1,MELKVEDENLRVRAARNVLTPELQRRIAANKTELLALCRQRQEPASAEHQ
BGC_32_LINKER_2_HC,BGC_32_ctaC,BGC_32_ctaD,HEAD,1,LTPPSKSVHPAIADPAFSLFFVCDRRALAHHGEKWRDYALIEAGLMAQLLEMRAPELDLGLCQLEEPRLEELRRAFRWEEEHTFLHALVGGGLAWEEGSL
BGC_32_LINKER_2_TN,BGC_32_ctaC,BGC_32_ctaD,TAIL,1,MTTSEFIIELQRKGIELWVEGDALRFRAPPGHLTEGIRAGLKERKAQLIE
BGC_32_LINKER_3_HC,BGC_32_ctaD,BGC_32_ctaE,HEAD,1,DAGMDSLMAVELRSRFQSNLGVERPISSTLVFDHPTIDSLTQYLATEILGLPPLAPSAPAVPDEAVATAQAVANLEQLPQDELGALLDQKLAALEKLVGG
BGC_32_LINKER_3_TN,BGC_32_ctaD,BGC_32_ctaE,TAIL,1,MSTEQNEHNARLARALVAMEKMQARLEASEREKREPIAIIGMACRLPGGG
BGC_32_LINKER_4_HC,BGC_32_ctaE,BGC_32_ctaF,HEAD,1,SLMSVELKNHLEKSLRHKLPSTLAFEYPTVDAVTDFLARELPAIAVLMAPPVEISPASIPAPEASAPVDDAILELLGEAQRLSETELHSLIHSLSGDGSK
BGC_32_LINKER_4_TN,BGC_32_ctaE,BGC_32_ctaF,TAIL,1,MSDVMEKLIRGLSPEKRVNLAKMLLRSAGEVAPESTTAEPIAIIGVGCRF
BGC_32_LINKER_5_HC,BGC_32_ctaF,BGC_32_ctaG,HEAD,1,TDPSQRGPLLDGFLREQTANLLRMPAARLDSSHALNTLGMDSLLTMELKHKIHVETGVNLTLEDLLESTSLAHLSRQVAERLTSTGGVASKSVDWEEGEL
BGC_32_LINKER_5_TN,BGC_32_ctaF,BGC_32_ctaG,TAIL,1,MMSAEDLMAELSRQGVTLWVEGDRLKYRAPKGALSPETLNLVAGHKAALL
BGC_33_LINKER_1_HC,BGC_33_conA,BGC_33_conB,HEAD,1,DARRSFKELGADSLSAVELRNRLGRATGLRLSATVVFDHPTPTALAGRLRAELFPDRADDTVPDGPDHAADAEELAAEEELIDAMDVAELVRMAREGIES
BGC_33_LINKER_1_TN,BGC_33_conA,BGC_33_conB,TAIL,1,MTRTPSSSSPSSSASSQSPAASPSSSSDTTVVEALRDALKETARLRRENR
BGC_33_LINKER_2_HC,BGC_33_conB,BGC_33_conC,HEAD,1,TVVFDHPTPTALADHLYDGLCARPGPAVPALAELRALEAALTSADPRAEGADELGARLQDLVRTWARRTAPDTGPADTDAIGSASADELFDLLDNNFGMA
BGC_33_LINKER_2_TN,BGC_33_conB,BGC_33_conC,TAIL,1,MPDEQKLLEYLRRATADLGQARQRLREEEDARHEPIAIVSMSCRYPGGAD
BGC_33_LINKER_3_HC,BGC_33_conC,BGC_33_conD,HEAD,1,LLFDHPTSGAVARQLAVELAIEDTGPDPAADTAGLAELGRLEGALDSGTATPELINRLQELIGRLRPDTGAAAEDRLEERMDTASDDELFEFIDNELGMS
BGC_33_LINKER_3_TN,BGC_33_conC,BGC_33_conD,TAIL,1,MTDGTLNDDKLRDYLKRVAADLHRTRRRLQEVEGRQQEPVAIVGMGCRYP
BGC_33_LINKER_4_HC,BGC_33_conD,BGC_33_conE,HEAD,1,AGMVFDHPTPDVLARHLAATTGRPAPAKASAPLVELDRFAELVAGLAPDAPDRDRLSQRLREVLARLEATEPAGQVTADHIESASHDEIFDLIDNQLGIS
BGC_33_LINKER_4_TN,BGC_33_conD,BGC_33_conE,TAIL,1,MSDRTEQKLRDYLNRVTIDLQQTRRRLRDVEERSREPIAVVAMSCHFPGG
BGC_33_LINKER_5_HC,BGC_33_conE,BGC_33_conF,HEAD,1,LVFDYPSPAAVAGYCAERLAPAGTPPAAAAPTPADDEITRALSTIPLDRLRDSGLLEALLRLAGPENRDGGTPASSERTSGIEEMDVDGLVRLALGSESV
BGC_33_LINKER_5_TN,BGC_33_conE,BGC_33_conF,TAIL,1,MSTDKVVEALRASLLENERLRGENTRLRDESREPVAIVAMSCRFPGGVRT
BGC_34_LINKER_1_HC,BGC_34_rapA,BGC_34_rapB,HEAD,-1,RLPPTLVFDYPTPTALAARLDELFAPAEPEPRLHEQELRRALAGISIDKFREAGVLDTLLRLAAMEGLAVPKPDSESDDEAFVDEMDADALIKHVLEEER
BGC_34_LINKER_1_TN,BGC_34_rapA,BGC_34_rapB,TAIL,-1,MREDQLLDALRKSVKENARLRKANTSLRAAMDEPLAIVGMACRLPGGVSS
BGC_34_LINKER_2_HC,BGC_34_rapB,BGC_34_rapC,HEAD,-1,ATMVFDYPTPADLAARLGDLMNPRVQSTTLLAEIDRIEKMFTSVTFDDRQASAIKDRLSSVLNKWQRISSPEEVSTTALSSASASEILDFIDREFGDPTA
BGC_34_LINKER_2_TN,BGC_34_rapB,BGC_34_rapC,TAIL,1,MPEQDKVVEYLRWATAELHTTRAKLEALAAANTEPLAIVGMACRLPGGVS
BGC_35_LINKER_1_HC,BGC_35_nidA1,BGC_35_nidA2,HEAD,1,GTSAEDPVLTGIDQMARAIALMDAEDGRRADVRQRLVGLLTALDRPASGADSTRAAATTVADRLDEATDDEIFAFLDEQLEEQPDEPLGAPLDERLDEQP
BGC_35_LINKER_1_TN,BGC_35_nidA1,BGC_35_nidA2,TAIL,1,MTAENDKIRSYLKRATAELHRTKERLAELESARHEPVAVVGMACRYPGGV
BGC_35_LINKER_2_HC,BGC_35_nidA2,BGC_35_nidA3,HEAD,1,AELLLAGLDVEPAADGPEDLAAAFDRLARGLAALDDRAARVGAAERLRSLLTALTSADPATGTGAQAGPEADGALTEVVTDRLRSASDDELFDLYDSEFR
BGC_35_LINKER_2_TN,BGC_35_nidA2,BGC_35_nidA3,TAIL,1,MSATNEEKLREYLRRAMGDLHSARERLAELESARHEPVAVVGMACRYPGG
BGC_35_LINKER_3_HC,BGC_35_nidA3,BGC_35_nidA4,HEAD,1,LLAPRRPAGTDPVLAGLDRIEEALAALDPDGPAATVPAPRTPGEIASHLAALAGRWRALHNGTLNTGDTAQGTGDRIDDVLDAAADDEIFAYIDERFGTS
BGC_35_LINKER_3_TN,BGC_35_nidA3,BGC_35_nidA4,TAIL,1,MENEAPKESNEPDAAKLRSYLRRVTAELHRATEQLRAVEERAREPIAIVG
BGC_35_LINKER_4_HC,BGC_35_nidA4,BGC_35_nidA5,HEAD,1,DVAFKDLGFDSLAAVKMRTRLRETTGLDLPATVIFDHPTVDRLAAMLLAERTDPSGPTGPADRPGAAAPVPEPRPAADAGEIDALSPAELIRLAKTGAGQ
BGC_35_LINKER_4_TN,BGC_35_nidA4,BGC_35_nidA5,TAIL,1,MTRNPKMSPSIDEVLDALRTSVKETERLRRRNQELVAAAREPIAIVGMAC
BGC_36_LINKER_1_HC,BGC_36_pikAI,BGC_36_pikAII,HEAD,1,LLAQLTRLEGALVLTGLSDAPGSEEVLEHLRSLRSMVTGETGTGTASGAPDGAGSGAEDRPWAAGDGAGGGSEDGAGVPDFMNASAEELFGLLDQDPSTD
BGC_36_LINKER_1_TN,BGC_36_pikAI,BGC_36_pikAII,TAIL,1,MSTVNEEKYLDYLRRATADLHEARGRLRELEAKAGEPVAIVGMACRLPGG
BGC_36_LINKER_2_HC,BGC_36_pikAII,BGC_36_pikAIII,HEAD,1,HLLDELATAAGGSWAEGTGSGDTASATDRQTTAALAELDRLEGVLASLAPAAGGRPELAARLRALAAALGDDGDDATDLDEASDDDLFSFIDKELGDSDF
BGC_36_LINKER_2_TN,BGC_36_pikAII,BGC_36_pikAIII,TAIL,1,MANNEDKLRDYLKRVTAELQQNTRRLREIEGRTHEPVAIVGMACRLPGGV
BGC_36_LINKER_3_HC,BGC_36_pikAIII,BGC_36_pikAIV,HEAD,1,DHPTPAALAAHLHEAYLAPAEPAPTDWEGRVRRALAELPLDRLRDAGVLDTVLRLTGIEPEPGSGGSDGGAADPGAEPEASIDDLDAEALIRMALGPRNT
BGC_36_LINKER_3_TN,BGC_36_pikAIII,BGC_36_pikAIV,TAIL,1,MTSSNEQLVDALRASLKENEELRKESRRRADRRQEPMAIVGMSCRFAGGI
BGC_36_LINKER_4_HC,BGC_36_pikAIV,BGC_36_pikAV,HEAD,1,AGELEPMSDARLLAMGRYARFLAGPRPGRSSAPVLLVRASEPLGDWQEERGDWRAHWDLPHTVADVPGDHFTMMRDHAPAVAEAVLSWLDAIEGIEGAGK
BGC_36_LINKER_4_TN,BGC_36_pikAIV,BGC_36_pikAV,TAIL,1,MTDRPLNVDSGLWIRRFHPAPNSAVRLVCLPHAGGSASYFFRFSEELHPS
BGC_37_LINKER_1_HC,BGC_37_SlnA1,BGC_37_SlnA2,HEAD,1,TTVTLAGHLLGELVPAAAPDTPADLLGELQRFENAVLGADPADGEHQEVTARLEELLQRWKAAAPAEEPVPGSEAGAAERLESASADEVLDFIQNELGLS
BGC_37_LINKER_1_TN,BGC_37_SlnA1,BGC_37_SlnA2,TAIL,1,MANEDKLVESLKRVAAELHDTRQRLTEAENRTGEPIALVGMACRYPGGVR
BGC_37_LINKER_2_HC,BGC_37_SlnA2,BGC_37_SlnA3,HEAD,1,PAALAGHLLAELRPEGGEDGAADTAVLGAMSEWEAAIAALPAGSEGREKAVKRLRSLLWKFDRTENETDEEAQGQEGGSTLTAATDDEMFALIENELGLN
BGC_37_LINKER_2_TN,BGC_37_SlnA2,BGC_37_SlnA3,TAIL,1,MASASNEEKLRDYLKLVTADLQQTRRRLQAVEAKGQEPVAIVGMACRYPG
BGC_37_LINKER_3_HC,BGC_37_SlnA3,BGC_37_SlnA4,HEAD,1,TLLFDHPTPGALAQHLRSHLVVDEAGTDAAVLADLDRLDAALTRLAPDEAARHRIAGRLQVLVSKWGATAQTEEEGAHDDLASASAEEIFALIHDELGKS
BGC_37_LINKER_3_TN,BGC_37_SlnA3,BGC_37_SlnA4,TAIL,1,MDNEKKLLDHLKWVTAELRQARQKLREAEADEPEPIAIVSMACRYPGGVR
BGC_37_LINKER_4_HC,BGC_37_SlnA4,BGC_37_SlnA5,HEAD,1,DYPTPAAMAGYVRDHLLAGARQEATAAGVQSGLDQLEADLLSVALDKDERKNLTRRLEGLLSRFKDAQAAADEESVSGKLDSASDEEIFAFIREEFGRPE
BGC_37_LINKER_4_TN,BGC_37_SlnA4,BGC_37_SlnA5,TAIL,1,MAKEETLRDYLKWVTADLHDTRRRLREVEDAGHEPLAIVGMACRFPGGVS
BGC_37_LINKER_5_HC,BGC_37_SlnA5,BGC_37_SlnA6,HEAD,1,IVFDYPNPTALAQHLRAAVLPDSAQPVGSVLDELDRLEGALAASEPDSDTRTKLKKRLEALLWTWGQNPADTAADAEEGDLESASADDMFALLDKELGTS
BGC_37_LINKER_5_TN,BGC_37_SlnA5,BGC_37_SlnA6,TAIL,1,MANHANNEEKLLEYLKRATADLQQTRKRLQAVQAAEHEPIALVGMACRYP
BGC_37_LINKER_6_HC,BGC_37_SlnA6,BGC_37_SlnA7,HEAD,1,LVFSHPTPLALARHLLDQLGTAGAAEGPVAREFAALEAALSAEAPEGEDREAVVGRLEALLWRWRERSGSGSGGVIESGALDSVSDDEIFDLIDKELGAS
BGC_37_LINKER_6_TN,BGC_37_SlnA6,BGC_37_SlnA7,TAIL,1,MSTSNEAKLREYLKRVTTDLSQTRQQLREVENAGHEPLAIVSMACRFPGG
BGC_37_LINKER_7_HC,BGC_37_SlnA7,BGC_37_SlnA8,HEAD,1,SLPSTLVFDHPTPAELAAELRTELLGESGGVEPVLDEIGRLEAVLGSAPEDPEARAAITGRLQALLSTWTGKGGNQGESDVDAASDDELFGLLDDELETK
BGC_37_LINKER_7_TN,BGC_37_SlnA7,BGC_37_SlnA8,TAIL,1,MSNTNEDKLREYLKRATTDLRNARRRVRELEEPEPVAVVRMACRFPGEVA
BGC_37_LINKER_8_HC,BGC_37_SlnA8,BGC_37_SlnA9,HEAD,1,FDFPSPGELVDHLRTELAPEAAGAQDTGTGSEEADEQQIRRVLSSVPVRRLREAGLLDALLELGAAPVGETAAQQPQQAAAIAEMDVDALVSLALDNSNS
BGC_37_LINKER_8_TN,BGC_37_SlnA8,BGC_37_SlnA9,TAIL,1,MSTPSTSSDKLVEALRASLTETANLREQNRRLADAPHEPIAVVAMSCRYP
BGC_38_LINKER_1_HC,BGC_38_abyB1,BGC_38_abyB2,HEAD,1,TIVEVLGHSSVAAVAPDRGLMDLGFDSLTAVELAGRLGADTGVRTPSTVVFDHPTPTALAHYLRHELVGEEAADDEKPHELDEVSDEDLFALIDTELGER
BGC_38_LINKER_1_TN,BGC_38_abyB1,BGC_38_abyB2,TAIL,1,MTTPSKGTDSIADQQKLREYLRRVTDDLLRTRRRLTEVESADREPVAIVS
BGC_38_LINKER_2_HC,BGC_38_abyB2,BGC_38_abyB3,HEAD,1,AFKDSGFDSLTAVELRNRVSRATGLRLPPTVVFDRPTPAELAAHLLDQLVPPADGPAGAATPARKTRKQLDSATVEEIFDLIDSQLGRGSRSDYQEVDAG
BGC_38_LINKER_2_TN,BGC_38_abyB2,BGC_38_abyB3,TAIL,1,MSETREEKLVEYLKWVTGELQETKAQLARARAEREPIAIVSAACRLPGDV
BGC_39_LINKER_1_HC,BGC_39_ApoS1,BGC_39_ApoS2,HEAD,-1,LTLPVTVVFDQPTPDALARLLRTELAGDPEQAVEAELDRLADTIAALAGHDGQRETARARLTALLRTLDDGKEANELSASELLESASDEEVFDFVDNELS
BGC_39_LINKER_1_TN,BGC_39_ApoS1,BGC_39_ApoS2,TAIL,-1,MSNDAKLREYLKRVAADLHDTRRQLRELRNSEHEPIAVVGMGCRLPGART
BGC_39_LINKER_2_HC,BGC_39_ApoS2,BGC_39_ApoS3,HEAD,-1,LVFDYPKPSVLARYLRTELTEAQERNALGSVLEDLDRLENTLLAVAGDAGSGRSQVTTRLAALLAKLSGAPADPESGSLADRLDEATDDELFALVDGAGG
BGC_39_LINKER_2_TN,BGC_39_ApoS2,BGC_39_ApoS3,TAIL,-1,MSAEDKLREYLKRSIAELHEARDQLREVGEKDREPIAIVGMSCRYAGGVR
BGC_39_LINKER_3_HC,BGC_39_ApoS3,BGC_39_ApoS4,HEAD,-1,ILATYGQDREQPLRLGSIKSNIGHTQAAAGVAGVMKMVLAMRHGVLPKSLHIDAPTSIVDWSAGSVELLAEAMPWPEADRPRRAGVSSFGISGTNAHVIV
BGC_39_LINKER_3_TN,BGC_39_ApoS3,BGC_39_ApoS4,TAIL,-1,MLSARSPEALREQARRLVSSVDDAVPADVGWSLAARAALECRAVVVGTSR
BGC_39_LINKER_4_HC,BGC_39_ApoS4,BGC_39_ApoS5,HEAD,-1,RVPATVVFDYPTPNAVSEYLHGELAGEDPAENGLGAELDRLEAALFSAPVSETETAEVTARLQNLLARWKESHDQAAGGDIASATKDELYEILQKEFGRA
BGC_39_LINKER_4_TN,BGC_39_ApoS4,BGC_39_ApoS5,TAIL,-1,MGNDQELLDHLKWVMGELRQSREQLREVEDKAREPIAIVGMACRFPGGVA
BGC_39_LINKER_5_HC,BGC_39_ApoS5,BGC_39_ApoS6,HEAD,-1,DYPTPAALAKHLLAELVPDLSGDRSEDRIRHLLLTVPLTRLRDAGVLDTLLELAGARPDPVVPEEEGDSIESMDASSLIDLVLHNPDHQGFPGEGQYGDE
BGC_39_LINKER_5_TN,BGC_39_ApoS5,BGC_39_ApoS6,TAIL,-1,MNDFQDKAVEALRRSVRETERLREQNRKLSAALREPIAVVSMACRYPGGV
BGC_39_LINKER_6_HC,BGC_39_ApoS6,BGC_39_ApoS7,HEAD,-1,PTTLVFDYPTPAALAKHILAELFDGEDGAAGDRMLRELDRLDGLFAATDFEDGARADVAARLKSLLAKWNPANGEVLAAPVESATDDEIFSFIDKQFGKS
BGC_39_LINKER_6_TN,BGC_39_ApoS6,BGC_39_ApoS7,TAIL,-1,MLMSNEEKLREYLKFVTAELQDKSERLREVEEKAREPIAIIGMSCRFPGG
BGC_39_LINKER_7_HC,BGC_39_ApoS7,BGC_39_ApoS8,HEAD,-1,IATGLRFSATLVFDYPTPAALAKHLRAEFEDAAAGQAAGLAELARLEEALAGTSPDPAVVKRLEALLAKGKRTVPAVEKELDQASDEEIFGLIDEELGLS
BGC_39_LINKER_7_TN,BGC_39_ApoS7,BGC_39_ApoS8,TAIL,-1,MSYVFGFEGPAVTVDTACSSSLGALHLAXQSLRSGESSLALAGGVTMMAT
BGC_40_LINKER_1_HC,BGC_40_TmnA1,BGC_40_TmnAII,HEAD,-1,EALAALIDGELPGAPATAEPADARAGSLGELEEKLAAGAFDEQEQARLAKRLKALLWQIEDARPAGGEDAAPADAAPGGGLDVASDEEMFAMIDRELGRD
BGC_40_LINKER_1_TN,BGC_40_TmnA1,BGC_40_TmnAII,TAIL,1,MASSNEEKLRDYLKAVTADLRQTRQRLQSLEERDHEPIAVVGMACRYPGG
BGC_40_LINKER_2_HC,BGC_40_TmnAII,BGC_40_TmnAIII,HEAD,1,FLTGQLGAAGEQAPPGSVHEELDRLAAALDAAPVEGAERVAVQDRLRALAAALADHGTAADGMPADDEAGLDEASTDDLLKIIDDEFGPAEPGPTASTIG
BGC_40_LINKER_2_TN,BGC_40_TmnAII,BGC_40_TmnAIII,TAIL,1,MAEEDKLRDYLKRLTVDLRRTTRRLREVEEQRREPVAVVGMACRLPGGVR
BGC_40_LINKER_3_HC,BGC_40_TmnAIII,BGC_40_TmnAIV,HEAD,1,ECLRDELGGPDAAGQSLLADLARLDGALNGAALADEEVRRRAGERLRTMLQRLDGTAPAASQGAGGDADGGDAGAEANSDLEDASVDDLLDIIQSEFGKS
BGC_40_LINKER_3_TN,BGC_40_TmnAIII,BGC_40_TmnAIV,TAIL,1,MKNEQKLLDNLKWVTAELRQARRRLGEVESKSAEPIAIVSMACRYPGGVA
BGC_40_LINKER_4_HC,BGC_40_TmnAIV,BGC_40_TmnAV,HEAD,1,IFDYPTPNDLARYVGEGIGPDETSVETSFLAEIDKLELTLIDRSAEDAGRVKVTRRLQALLTRLNETAGSAPAGEDIETKLRSASNDELFDLLDGDLDLS
BGC_40_LINKER_4_TN,BGC_40_TmnAIV,BGC_40_TmnAV,TAIL,1,MSDEAKLREYLTRAVAELHQTRQRLQDAETARQEPIAIVSMACRYPGGVR
BGC_41_LINKER_1_HC,BGC_41_qmnA1,BGC_41_qmnA2,HEAD,1,GLRLPSTLVFNHPTPGAIAEFLRAQLAPEPTDELDRLAADLSTMDPERQAAVLGRMAELLHKWNTNGTGNGASADLDSLSDEELFDALDEELGQRGNGRR
BGC_41_LINKER_1_TN,BGC_41_qmnA1,BGC_41_qmnA2,TAIL,1,MTTEDKLRDYLKRATAELRQARERVAELSGRATEPIAVVSMGCRYPGDVR
BGC_41_LINKER_2_HC,BGC_41_qmnA2,BGC_41_qmnA3,HEAD,1,TGLRLPATLVFDHPTLAGLAGYMRAELAPRTEEPDPASAVLERLAELEEALAGLSDPRIADRLRELLAVAGGTDPGLGSASADELFDFIDGKLGRKVETA
BGC_41_LINKER_2_TN,BGC_41_qmnA2,BGC_41_qmnA3,TAIL,1,MSTGPTEQKLLDYLKWVTTDLDRTRDQLLALEEKASEPIAVVAMSCRYPH
BGC_42_LINKER_1_HC,BGC_42_fosA,BGC_42_fosB,HEAD,1,AVADFLYTRLASQTPRTATSDSLAVLAELDRLVDTAIATDADEATLTRFTARLEDLLVWLHGRQEAGRPDAEDAAGATDRFESASDDEIFDFIDNELGLT
BGC_42_LINKER_1_TN,BGC_42_fosA,BGC_42_fosB,TAIL,1,MPANDDKLRDYLKRVTADLHQTRLRIRDIEARKREPIAIVGMACRYPGGV
BGC_42_LINKER_2_HC,BGC_42_fosB,BGC_42_fosC,HEAD,1,ELDLDEAPADDGPVLEDFDRLEAKVLSPFTPADTRAALATRLSALLDRLSGTGTGAGGAGRNSGTDDLETASASDLMQFLDAEYGASDGTASDPSRPTTS
BGC_42_LINKER_2_TN,BGC_42_fosB,BGC_42_fosC,TAIL,1,MPGVLGGCLSRGRRCFRAWIEEIRFGTAAAVRAALRAETKTAGFDPVGGL
BGC_42_LINKER_3_HC,BGC_42_fosC,BGC_42_fosD,HEAD,1,TPTDVAAFLCRQAVPDGGGQAARALADLASLERSLADLEGSAADRDRLATRLGALAARLRETPRDTEPAAQAADDDTDGGAAIATASASDLLALIEKGFE
BGC_42_LINKER_3_TN,BGC_42_fosC,BGC_42_fosD,TAIL,1,MSDDVSQEQLLQALRKVTGDLQDSRRRLKDTERRATEPIAIVGMGCRFPG
BGC_42_LINKER_4_HC,BGC_42_fosD,BGC_42_fosE,HEAD,1,ERAVTAESALAELYRVAQSLEELRLDAALRKAAASRLRALADGWEGKRSASETVMFSSPSGSSSERGTPDTGALLESATEDEVLDFVTRQLGISPLEGPG
BGC_42_LINKER_4_TN,BGC_42_fosD,BGC_42_fosE,TAIL,1,MASENQLLDYLKRVSAELHETRGRLQDVEDAAREPIAVVGMACKYPGGVA
BGC_42_LINKER_5_HC,BGC_42_fosE,BGC_42_fosF,HEAD,1,ALAQVVASALAERVGGASGASAVLGELDRLEAALAALDAGSDPAARGRITLRLSNLLTRFQNADDEPTAASGAAETAAEQLDSATDDQLFDLIEKEFGIS
BGC_42_LINKER_5_TN,BGC_42_fosE,BGC_42_fosF,TAIL,1,MSTNEDKLRHYVKELTGDLLRTRGRLRELEAAGNEPIALVGMACKYPGGV
BGC_43_LINKER_1_HC,BGC_43_PIMS0,BGC_43_PIMS1,HEAD,1,PATLVYDYPTPKAVVRLVRERLARPASPARDVASVVAELESLLTAGAEVSEETAARLKAVTAVSTGTTGSGSGTGAGSGGALDLVSASDEELFRLMDAES
BGC_43_LINKER_1_TN,BGC_43_PIMS0,BGC_43_PIMS1,TAIL,-1,MSNEEKLREYLKRAIADLHETRQQLDETEAKQREPLAIVSMACRFPGGVR
BGC_43_LINKER_2_HC,BGC_43_PIMS1,BGC_43_PIMS2,HEAD,-1,PAELVAHLHARIAPEPTVGPEALLGELERMEKSFGGLDLTEEMHEQIAGRLEVLRAKWDALRDTAAAAGHDGSPSDEDFDFESASDDEVFDLLDNELGLS
BGC_43_LINKER_2_TN,BGC_43_PIMS1,BGC_43_PIMS2,TAIL,-1,MDQEQKLRDYLKRASADLRRSRQRVGELEAAAREPIAIVGMSCRFPGGVR
BGC_43_LINKER_3_HC,BGC_43_PIMS2,BGC_43_PIMS3,HEAD,-1,LADHLLSLLVPDEDPGEGTADDGDPDSSAIRALLASVSVAQLREIGVLEPLLKLAAEQTAASGAEAAAATAADAYDESIDAMDIADLVQAAFDGNSPQER
BGC_43_LINKER_3_TN,BGC_43_PIMS2,BGC_43_PIMS3,TAIL,-1,MTTSSETVVAALRASLKEAENLRRQNRKLVAAATEPIAIVAMACRYPGGV
BGC_43_LINKER_4_HC,BGC_43_PIMS3,BGC_43_PIMS4,HEAD,-1,FDYPNPTALADHFVSELVEEAATGPALLAELERLDSALAAGAPDARTRAAVTARLAQILDDWRDAPAEEDGAEVAERLEAASTDEIFAFIDNELGRHSDR
BGC_43_LINKER_4_TN,BGC_43_PIMS3,BGC_43_PIMS4,TAIL,-1,MPNDKPNDKKLVDYLKWVTNDLHQTRQRLREVESAKQEPIAIVGMSCRLP
BGC_44_LINKER_1_HC,BGC_44_ctoC,BGC_44_ctoD,HEAD,1,LRVFDPLSRARYAHVTPGRSGGGVSAFDVLVADGAGRPLAAVRGYAARAQPRPGAAAGPRAAPPEASADPALVQIFRQVQENAIPMADAIRLLDGHAKPA
BGC_44_LINKER_1_TN,BGC_44_ctoC,BGC_44_ctoD,TAIL,1,MTTERITDIHAVLELVKAGLLSAEEAARLVAAQRGGAASAGAAPAGGAAE
BGC_44_LINKER_2_HC,BGC_44_ctoD,BGC_44_ctoE,HEAD,1,GPLPRRCVVHAAAGRRERGAGGLDTFHVRIADEAGKVLASIKDFAVRAVDRPRDARAPGSMPAGEATDAALLELLTRLERGALRADEAERLLDAAVELQR
BGC_44_LINKER_2_TN,BGC_44_ctoD,BGC_44_ctoE,TAIL,1,MMNEQLTRAEILKQVESGRLRAGDAVRLLKRAGAAGAVPEPAQRAAAVSY
BGC_45_LINKER_1_HC,BGC_45_SpiD,BGC_45_SpiE,HEAD,1,FDYPTLDALAAMLLAKLVDDEPASPPPLVMELDRLEHALGTPEGDDGTRALVATRLRSLLARWSVGTHGNGTSAVSKDFETATDEELFAQFDAGFGGPSQ
BGC_45_LINKER_1_TN,BGC_45_SpiD,BGC_45_SpiE,TAIL,1,MSTTEEKLRAYLKQAMGELRQTHERLRVVEESKSEPIAIVAMGCRFPGGV
BGC_45_LINKER_2_HC,BGC_45_SpiE,BGC_45_SpiF,HEAD,1,PTPAALVRVLLAEIAAHAKAPPPAAGDEIDRLEDALSAAHANAAIRDRLTARLQTLLSTWDRERDAAADGDLADRVRAASDDELLSMFDREFTTNAGTAS
BGC_45_LINKER_2_TN,BGC_45_SpiE,BGC_45_SpiF,TAIL,1,MEAELRKRLEQAIVELNQRRQSLALATEKAHEPIAIVAMSCRFPGGVATP
BGC_45_LINKER_3_HC,BGC_45_SpiF,BGC_45_SpiG,HEAD,1,HPTPDALARHLDAELARDGGAEDAVFAALDTLAWRLAAITRDDPRRAAVGARLRGLVSRWTSAEAGTDEVEAEDLGAISDDELLAVIERELDGEPRAALI
BGC_45_LINKER_3_TN,BGC_45_SpiF,BGC_45_SpiG,TAIL,1,MTGEKNLRAYLEGLTTSLRQARRRLSDIEGKQREPIAIVGLGLRLPGGAV
BGC_45_LINKER_4_HC,BGC_45_SpiG,BGC_45_SpiH,HEAD,1,TPSALASKVLAAIVLHDATPRASPAAELERLEGMLSAIYADEALRDDLTARLRAFLDKRAVRTERPDDAAFAEKLGSASADELIRLIDQKLGDRIDVDRY
BGC_45_LINKER_4_TN,BGC_45_SpiG,BGC_45_SpiH,TAIL,1,MRRLTQELHRSETRLRATEERRHEPIAIVGLGLRLPGGIHDRDTLWTFLE
BGC_45_LINKER_5_HC,BGC_45_SpiH,BGC_45_SpiI,HEAD,1,FDHPTPEALAKLISGKLLHDEAAPPSTSAAEIDRLEGALASAYANEAIRDELTVRMKAILSKWMAAREPSPDDGLASRLDTANDDELFRMIDHVRAEAAT
BGC_45_LINKER_5_TN,BGC_45_SpiH,BGC_45_SpiI,TAIL,1,MSAPPGTEAKLRDYLKQLTLDLQRSQTRLHAAESKAYEPIAIVAMSCRFP
BGC_45_LINKER_6_HC,BGC_45_SpiI,BGC_45_SpiJ,HEAD,1,GSPAPASAGSPAPASDAELRDAIASIPLDRLREAGLVSVLMRIARPRDAASADAETKPEATTAAAIDAIASMDVNDLVRMALDKAKAPRVAGGHDEDLDE
BGC_45_LINKER_6_TN,BGC_45_SpiI,BGC_45_SpiJ,TAIL,1,MSSSNQELVEALRASLTDVERLKQRNRELVRASREPIAIVAMSCRFPGGV
BGC_46_LINKER_1_HC,BGC_46_PieA1,BGC_46_PieA2,HEAD,1,LIFDHPTPAAVARHLEAEAFPAEDAAAQPDAAEVGEDEFRRALAAIPLDRFREAGLVRTLLQLADSVDGSATADDEEEEHGSALDTMDLESLVRVALGDK
BGC_46_LINKER_1_TN,BGC_46_PieA1,BGC_46_PieA2,TAIL,1,MTTSEEVVKALRASLKEAEVLRQQNRKLTAAASEPIAIVGMACRYPGGVK
BGC_46_LINKER_2_HC,BGC_46_PieA2,BGC_46_PieA3,HEAD,1,PTPVAVAEHLGELLRQLSRPAEEPELLDLDSLEAGLRDLATGDPRRERLAARLRGLVAQLDAGGAGGAADPVEPADDEDEFGDATLDELLDIVDGELRNS
BGC_46_LINKER_2_TN,BGC_46_PieA2,BGC_46_PieA3,TAIL,1,MTSDEKVLDTLKRLTIDLRRTRRRLQEVEEAAREPIAIVGMACRFPGGVA
BGC_46_LINKER_3_HC,BGC_46_PieA3,BGC_46_PieA4,HEAD,1,AEGRRGLAPARADPRRRARRLRAVLLRLGHLRHRRTGQLRGRQRLPRRARAAAPRRGPARSFPGLGAVGGAQQADGGSGPPQHGPVGQGRRRRAFDAGGT
BGC_46_LINKER_3_TN,BGC_46_PieA3,BGC_46_PieA4,TAIL,1,MAELEAADRDPIAIVGMSCRYPGGVRTPEDLWDLVAAGRDAVGEPPAGRG
BGC_46_LINKER_4_HC,BGC_46_PieA4,BGC_46_PieA5,HEAD,1,HPRPDALAAYLLAELAPAAPAEPDGPAGAAGAAASDGEVSRLLATIAPARLRAAGLLDALLALAGAAPEEPPAEADDQLDEIDAMDADDLIGLALGTTDL
BGC_46_LINKER_4_TN,BGC_46_PieA4,BGC_46_PieA5,TAIL,1,MLEALRVSLKETRRLQQQNHQLTEARHEPIAIVGMACRYPGDVHSPEDLW
BGC_46_LINKER_5_HC,BGC_46_PieA5,BGC_46_PieA6,HEAD,1,DHPTAAALAGYLDAELPREGGHSTAPVLAELDRLEAVLAAVAADHPDRARIAGRLRGVLSRWDDRRDPVASGESPAAGLELDSAEDDEVFDFITNELGIS
BGC_46_LINKER_5_TN,BGC_46_PieA5,BGC_46_PieA6,TAIL,1,MNPRRPDWSWTRPRTTRSSTSSPTNSASPDRPTLTRPPATVPASRTCPSR
BGC_47_LINKER_1_HC,BGC_47_TiaA1,BGC_47_TiaA2,HEAD,1,HPTPAALAEHLRAELFGVVGRPSIVDQLAQLEHAMAVATGGSDDGLDAGLREDITVRLKALTALWGDLQRRGDGTDIGERLETASDDEIFQFIDSKFGDS
BGC_47_LINKER_1_TN,BGC_47_TiaA1,BGC_47_TiaA2,TAIL,1,MARPGRDSGNHVSNEAKLREYLRRVTAELQSTDERLQRLQARATEPIAII
BGC_47_LINKER_2_HC,BGC_47_TiaA2,BGC_47_TiaA3,HEAD,1,ETGLRLPATLVFDHPTPAAVAGHLCTALGLGPDAETPEEAEEREFRRMLAGIPMTRLRSSGLLDLVLRLAGADDQAEPGESIDDLDAESLLRLAAQQTSS
BGC_47_LINKER_2_TN,BGC_47_TiaA2,BGC_47_TiaA3,TAIL,1,MNTSQEQFVEALRSSLKENERLRMHNRRLLDAATEPIAIVGMACRFPGGV
BGC_47_LINKER_3_HC,BGC_47_TiaA3,BGC_47_TiaA4,HEAD,1,QLPATLVYDHPSPAALATELRRSRFGEPKASSVPDELDRLERLLETAVLDGANRAAAASRLRVVLNRLTAGDHETGTRLPEDTSDDDQIFDFIQNQLGIN
BGC_47_LINKER_3_TN,BGC_47_TiaA3,BGC_47_TiaA4,TAIL,1,MNGEEKLRYFLKRVTNELQETRDRLNEVEEAGREPIAIVGMACRFPGGVS
BGC_48_LINKER_1_HC,BGC_48_kijS1,BGC_48_kijS2,HEAD,-1,GLRLPATLAFNHPTPAAVAEYLGSRLAAGDPEGGRDSVLAELDRIEEALRKASDDSRQEITERLRLLLTRHTEEGPGSGDIAAATDDEMFNLIDNELGIA
BGC_48_LINKER_1_TN,BGC_48_kijS1,BGC_48_kijS2,TAIL,-1,MSTEIEDKLRTYLKRVTADLQQTRERLREFESRENEPIAIVGMACRYPGG
BGC_48_LINKER_2_HC,BGC_48_kijS2,BGC_48_kijS3,HEAD,-1,SDAAGRRLPATTLFDYPTPRRLAARLRELLAPAEDPDAAIREAIASVPPERLRAAGLLEAVLALAGGAADTARDRDEDDPDLLDADVEDLVRIALSDTDS
BGC_48_LINKER_2_TN,BGC_48_kijS2,BGC_48_kijS3,TAIL,-1,MDTPDEKVVEALRTSLLENKRLRRRLQQRAEAATEPVAIVGMACRYPGDV
BGC_48_LINKER_3_HC,BGC_48_kijS3,BGC_48_kijS4,HEAD,-1,DHPTVIAIAEHLNERFGDGADGATPLQAELERLEAAVADADLDDAGRDRFEARLRALLLRVTESRAERDAPVDDDLASVSDDELFEVLDEELGLSGTDQR
BGC_48_LINKER_3_TN,BGC_48_kijS3,BGC_48_kijS4,TAIL,-1,MTPGPAELEPTANEERLRDYLKRTTASLRQVRRRLQEAEDREHEPIAVVS
BGC_48_LINKER_4_HC,BGC_48_kijS4,BGC_48_kijS5,HEAD,-1,LRLPATLVFDYPTVRALSEYVLGLLAAPEPSPADTVLACLDQLEAALATLPDGSAREPVDRRLRLLLGRTDGTAGADGAEIEGASADELMDFIDRELRQA
BGC_48_LINKER_4_TN,BGC_48_kijS4,BGC_48_kijS5,TAIL,-1,MEKEDKLTEYLRWTTAELKETRRRLADLEAAQREPIAIVAMGCRYPGNVR
BGC_49_LINKER_1_HC,BGC_49_revC,BGC_49_revA,HEAD,1,GLTLPATLVFDYPNPLKLAALLDETAGGTAGEGDEEELRRVLASVPPAKLRAAGLLDAVLALAEEAGQDTGEADGADEPDETDLMTADADDLVRIALGSA
BGC_49_LINKER_1_TN,BGC_49_revC,BGC_49_revA,TAIL,1,MDHEFSDSDVAVIGMACRLPQAPDPAGFWRLLRTGTSAVGEVPADRWPDR
BGC_49_LINKER_2_HC,BGC_49_revA,BGC_49_revB,HEAD,1,LVFDYPNPQRLAAHLAEQFGTAGGAETGAAALLAQLDALSSTLARADVVDEDREAIAHRLRSMLDTWRSPEEENADEDWETPDEVFRFIDDELGISESEV
BGC_49_LINKER_2_TN,BGC_49_revA,BGC_49_revB,TAIL,1,MGAIVSDDKSFEYLKKVTSELKRTRNRLSEIESKSREPLAVVGMACRFPG
BGC_49_LINKER_3_HC,BGC_49_revB,BGC_49_revD,HEAD,1,LVFDHPNPNRLVDHLAGELVGGGDAAGGLDELRDRLQTFAADPAVREDLEAMLRQVLGAVEDATAAQRGDIDAASDEELFSMVDQGSSWMSDSSSTADHE
BGC_49_LINKER_3_TN,BGC_49_revB,BGC_49_revD,TAIL,1,MTQSSDKIVEALRASLLENQRLRKEHQDLADAVSEPLAIVGMACRFPGGV
BGC_50_LINKER_1_HC,BGC_50_ttnA,BGC_50_ttnB,HEAD,-1,TDRSFSELGFDSLTSVELRNLLRTRTGRTLSSGVVFDYPTVTQLAGYVDSLFAPAEPSGDEDGPDGAVARRARPADDGPDEALLLDADVDDLINIALRDQ
BGC_50_LINKER_1_TN,BGC_50_ttnA,BGC_50_ttnB,TAIL,-1,MMAVSVDKLTEALRASLLANTRLRQENKTLADAAGEPIAIVGMACRYPGG
BGC_51_LINKER_1_HC,BGC_51_MeiA1,BGC_51_MeiA2,HEAD,1,VFDHPTPDELARHVREQVLGDGEAARVAPVLAELDRLEAALSRVNGDDALRARVTARLQALLLKWNESDGPATGADGAGRLASATAAEVLDFIRNDLGLS
BGC_51_LINKER_1_TN,BGC_51_MeiA1,BGC_51_MeiA2,TAIL,1,MHEDELLSYLKRVTADLDRTRRRLYEVTEREQEPIAIVGMACRFPGEVRS
BGC_51_LINKER_2_HC,BGC_51_MeiA2,BGC_51_MeiA3,HEAD,1,LLRANGNGTGADGTSASEAGEEELRAAVASIPLGRLREAGLLSALLELAEAPGGLGGGLGSVGVAAVPAARSAEGPGSIDEMDIDSLIGLAHGDQPGSDS
BGC_51_LINKER_2_TN,BGC_51_MeiA2,BGC_51_MeiA3,TAIL,-1,MEIPMAAGHDKVIEALRASLKTNERQREQIHRLTTAAREPIAIIGMACRY
BGC_51_LINKER_3_HC,BGC_51_MeiA3,BGC_51_MeiA4,HEAD,-1,PAALADHLRTQLCQDAPSPAAATAMAAMAELARLESAVSDSAALDDDTRSGLAERLRSLARKMSSGRVVDHNGGGAAGLDLQSATDDEMFELIDKEVSRD
BGC_51_LINKER_3_TN,BGC_51_MeiA3,BGC_51_MeiA4,TAIL,-1,MANANEEKLRDYLKRATAELVQVRRRLAEIEAGEQEPIAVVGMACRFPGG
BGC_52_LINKER_1_HC,BGC_52_nbrK,BGC_52_nbrL,HEAD,1,IDLLGPIAPATGDGAPVTVTGAFADLETALRQADGAWPDDLDTHDLAARLRALADRLTETNDAAPAVPDLEPTGGPIDADLESASGDEIFDLIDNEFGTV
BGC_52_LINKER_1_TN,BGC_52_nbrK,BGC_52_nbrL,TAIL,1,MDTESRLRDYLKRVTTDLRAARRELETERGRRTEPLAVVGMACRFPGGIA
BGC_52_LINKER_2_HC,BGC_52_nbrL,BGC_52_nbrI,HEAD,1,GLRLPATMLFDYPNMRRLAGLLDELLPADEHGPGLAEIARLEGIARGLNGDDRARQALVQRLQDVLGLLGAGAEPADPAELIESASDGELFDIIDGLGVD
BGC_52_LINKER_2_TN,BGC_52_nbrL,BGC_52_nbrI,TAIL,1,MTESTPSATEAQLRSYLKRVTVDLQRTRAKLADHERRAAADAEPIAIVGM
BGC_52_LINKER_3_HC,BGC_52_nbrI,BGC_52_nbrJ,HEAD,1,GHSGGGDIDAMDSFSDLGIDSLTAVELRNRLGVRTGLALPSTVVFDHSNPTALARYLGEQLVPDEPRPEEPPAPEPESGVDYTALDVDELVRMAMGPDAS
BGC_52_LINKER_3_TN,BGC_52_nbrI,BGC_52_nbrJ,TAIL,1,MATSSEQVVAALRKSLADNERLRQENAELRRANDDPIVIVGMGCRYPGGV
BGC_52_LINKER_4_HC,BGC_52_nbrJ,BGC_52_nbrG,HEAD,1,TLAFDHPSIGELAAEVHRELASAGTDAVLADVDRLAVRLRDHLPDEHREHLRLRLREILAGLEETDDEPDTPLGATSARERLAEADDEALFAFISEIRGG
BGC_52_LINKER_4_TN,BGC_52_nbrJ,BGC_52_nbrG,TAIL,1,MLSPMRMGPVSRMENAGKLRDYLKLVTADLHEAKQELKAREEAEREPLAV
BGC_52_LINKER_5_HC,BGC_52_nbrG,BGC_52_nbrH,HEAD,1,EHLAELDRLEQLVGGLGEQARAAAVTRLLDLAARWGVPPAPTGGEPTTNGNGAAHSNGNGNGHSASADPAPADTSARDADLEAATTIDDVFALLDKELDS
BGC_52_LINKER_5_TN,BGC_52_nbrG,BGC_52_nbrH,TAIL,1,MSNESATGAKAVDEQKYLEYLKRLTADLRSTREALSAIREREHEPIAIVG
BGC_53_LINKER_1_HC,BGC_53_cycG,BGC_53_cycF,HEAD,-1,LVAVHLACEAVRRGEVGLAIAGGVSLGLAPESTLRAERLGALSPDGRSHTFDARANGYVRGEGGAALILKPLAAALADGDTVHGCILGGAVNNRRGRRHR
BGC_53_LINKER_1_TN,BGC_53_cycG,BGC_53_cycF,TAIL,-1,MAYVELHGTGTKVGDPVEAAGLGAVFGPERPVRVGSVKTNIGHLEGAAGI
BGC_53_LINKER_2_HC,BGC_53_cycF,BGC_53_cycE,HEAD,-1,TGLRLPTTLIFDYPTPDAVADYLRTRLVGETTVSVMAELERFEAVVATLASASEGGAERAAVAGRLGELLRRLDSEAEAEISAATNDELFALIDEELQLP
BGC_53_LINKER_2_TN,BGC_53_cycF,BGC_53_cycE,TAIL,-1,MADDQKLRDYLNRVTVQLKQARARLHELDEPIAIVGMACRYPGDVQSPDD
BGC_53_LINKER_3_HC,BGC_53_cycE,BGC_53_cycD,HEAD,-1,RLPATVVFDHPTPHALATFLLDRLVPHPHVAARAKVDELDVFLAELALADEDRSQITTHLERLIDRWRDRAPDTPGDPEADLDSASDEELFRLVDTSRKE
BGC_53_LINKER_3_TN,BGC_53_cycE,BGC_53_cycD,TAIL,-1,MSNEAKLREYLKKAIADTREAQGRLRDLEDAASEPIAIVGMACRYPGDIR
BGC_53_LINKER_4_HC,BGC_53_cycD,BGC_53_cycC,HEAD,-1,HRLLLETAWEAVEDAGIAPRTLRGSRTGVFAGAMYQDYAPRPAETPPALEGLIAGGTAGSIASGRVAYTLGLEGPAVTIDTACSSSLVALPPAPRPCVRA
BGC_53_LINKER_4_TN,BGC_53_cycD,BGC_53_cycC,TAIL,-1,MRPALAGGVTGDGTDRGSVEFTGSAARPPDGDVQGVRRWRRRRHRLGGGR
BGC_53_LINKER_5_HC,BGC_53_cycC,BGC_53_cycB,HEAD,-1,ARWLRDRLVPVSDPAVALQKELDDLEARLTGAADLAPSGRRAVATRLRGILDHWSRSQDSEAYGTQEASEAEDALESALESASSSDLFDFIDNELGRAAG
BGC_53_LINKER_5_TN,BGC_53_cycC,BGC_53_cycB,TAIL,-1,MSDEQKALEYLKWVTSDLKKTRQRLAEVEAAQHEPLAIVGMACRFPGDVT
BGC_54_LINKER_1_HC,BGC_54_lobR,BGC_54_lobA,HEAD,1,LIYDHPSPAAVARFVRSELAGDAPAAPSLEAELARWETLLDGTVPDEAERGRITVRLQALMSRWNAAYGGAAVEPAARDLASVTADELFDILDDELEASD
BGC_54_LINKER_1_TN,BGC_54_lobR,BGC_54_lobA,TAIL,1,MENEEKLLGYLKRATTDLREARRQLRQAERREYDPIAIVGMSCRFPGGVD
BGC_54_LINKER_2_HC,BGC_54_lobA,BGC_54_lobB,HEAD,1,RTPPPCWVSPARRRWNPGGRSRTSGSTPSPPSSSATCSAPSPGCGCPPPSSSTTPSPPPWPARSRPNWWCPTPTRPVRSSPTSTGWRRPWPRCPATSTPG
BGC_54_LINKER_2_TN,BGC_54_lobA,BGC_54_lobB,TAIL,1,MANDDKLRTFLKRATAELQQANRRLREVESRDQEPIAIVGMGCRYPGGVR
BGC_54_LINKER_3_HC,BGC_54_lobB,BGC_54_lobC,HEAD,1,PTPTELAQQLLTELVPADAGGVTLLDDLDRLQAALSTLDADAVAALDESTRAGVGERLRTMLAAWTAGQRPAEVASVTEDLDTASDDDLFDFIDSKFGTS
BGC_54_LINKER_3_TN,BGC_54_lobB,BGC_54_lobC,TAIL,1,MSNEQKLRDYLRRVTADLHETSERLRDIEERAAEPIAIVGMGCRYPGGVD
BGC_54_LINKER_4_HC,BGC_54_lobC,BGC_54_lobD,HEAD,1,TLVFDHPNPTALADQLRAELGYTGDTAGGLLAELDRLEVTVAGLTPEEIERNRVTARLQSLLAKLNETLSTTTGATLVDRLETASADDVFDLIDKELGMT
BGC_54_LINKER_4_TN,BGC_54_lobC,BGC_54_lobD,TAIL,1,MANEEKLLEYLKRVTADLHRTRERLREVESQEQDPIAIVGMACRYPGGVN
BGC_54_LINKER_5_HC,BGC_54_lobD,BGC_54_lobE,HEAD,1,PSPRRTPPPPGRGTPTPPVPATPPPRPPPGEPVTGTPRPPYRVVARRPPTARPSWWCCAPEAPTTYTPRCTGCWGSPSAGWPGRTAPRSSSLPGTPSVTT
BGC_54_LINKER_5_TN,BGC_54_lobD,BGC_54_lobE,TAIL,1,MTDLAGAAVWGLLRSAQAENPDRILLVDADTDRLDDILPAALAAGDPQVS
BGC_54_LINKER_6_HC,BGC_54_lobE,BGC_54_lobF,HEAD,1,RDAPWTRHATGLLTPAPPTHRPTRRPPGRRPPPPPSTSTGSTSGWPTPDWSTDRSSRACGPPGGTVTRCTPRSRSPPTCSTPTGSTCIRPCSTRRCTPSG
BGC_54_LINKER_6_TN,BGC_54_lobE,BGC_54_lobF,TAIL,1,MLREIDAGQLAAARTGRQEHLYRIDWTPVPLPTTPADGRWALVGVDEFKV
BGC_55_LINKER_1_HC,BGC_55_orf3,BGC_55_orf4,HEAD,1,LGGELAAELAGDPAGPPPAAAVRAELARLEAAVTAHGVGAQERTEVAARLRTLLAGLDTQAAAPPADAGEAAGSGAADDDLDLVSDEEMFDLIDRELREG
BGC_55_LINKER_1_TN,BGC_55_orf3,BGC_55_orf4,TAIL,1,MAEDVAKLRDYLKRVTVDLRKARRRLQEVEDRAAEPIAIVGMACRFPGGV
BGC_55_LINKER_2_HC,BGC_55_orf4,BGC_55_orf5,HEAD,1,PAPAAVAAHLRERLDLGSADPAQALLGDLDRLEEGLTALAGQAAALGADRSRITVRLRGLLARWHDEPQDPSTTEPESRGDLDAATDDDLFDLVENLGNS
BGC_55_LINKER_2_TN,BGC_55_orf4,BGC_55_orf5,TAIL,1,MAERGGPVSGPQNEAKLRDYLKRAIADAQDARQRLREAEDRVREPIAVVG
BGC_55_LINKER_3_HC,BGC_55_orf5,BGC_55_orf6,HEAD,1,PAAAEPAAGEDPGADEAAVRAALAGLSPARLREAGLLDALLALAADDAAPSPAQPAATAEADDFDADADADADLDSLDAQSLIDLALGDDDSDSEQGDAR
BGC_55_LINKER_3_TN,BGC_55_orf5,BGC_55_orf6,TAIL,1,MSSTPSTESLVEALRKSLREGKQLKRENRRLAEAAREPVAVVGMACRFPG
BGC_55_LINKER_4_HC,BGC_55_orf6,BGC_55_orf7,HEAD,1,RLGETAGLRLPTTLVFDHPTPVAVAEFLGGELLGTGGPEEPAAAYEGAGQGAAGPGAPDEDPAYPSRPEVAEAVAGFTDDELFAFIDERLGTFGPGRGQQ
BGC_55_LINKER_4_TN,BGC_55_orf6,BGC_55_orf7,TAIL,1,MRTAMTNTADTAGPTHAGNESRLRDYLERVTVDLHEAMRRLRQADRRERE
BGC_56_LINKER_1_HC,BGC_56_ebeA,BGC_56_ebeB,HEAD,1,TGLLFDHPTPHVLAERLGALLLPADRAADDAGALAALDRLERALAATGPDSAERARVEARLRSLLAGPPRADGDDPTPGRLRTATVDELFAFIDQEFRTA
BGC_56_LINKER_1_TN,BGC_56_ebeA,BGC_56_ebeB,TAIL,1,MANEEKLVDYLRWVTTDLYRTRDRLRAAEAASTEPVAVVGMGCRFAGGVR
BGC_56_LINKER_2_HC,BGC_56_ebeB,BGC_56_ebeC,HEAD,1,ELAALLRARLAGEADAAGDVAAGGSAGAAVLDELDRLEGVLAEVAQDDEAVAGITERLEALLGKWKDARAFDTGATPRADFESATVDDIFSLIDEEFGLS
BGC_56_LINKER_2_TN,BGC_56_ebeB,BGC_56_ebeC,TAIL,1,MDNEEKLLDYLKRVSADLRQTRERLRAVEAASTEPVAVVGIGCRYPGGVR
BGC_56_LINKER_3_HC,BGC_56_ebeC,BGC_56_ebeD,HEAD,1,HLYAELAPRPDTTVVPILAELDRLAAILSAASVAGAERQAVGDRLQDLLAGWRATASRAAGPADTVTELEAVTDDELIGLLGDEFGIFQPDHSAEGNAHE
BGC_56_LINKER_3_TN,BGC_56_ebeC,BGC_56_ebeD,TAIL,1,MNDDRMRYFLNRVTAELRETRDRLREVEDSRQEPIAIVGMACRLPGGVTS
BGC_56_LINKER_4_HC,BGC_56_ebeD,BGC_56_ebeE,HEAD,1,DLFEALRGGSGAPSLERVXXXXXXXXXXXXXXXXXGGCVVVGGCGAGRRPAQPGPDRAGRARRHGVRPAARRRGRWAARPLAGPDPGRGPERPRRYRGGR
BGC_56_LINKER_4_TN,BGC_56_ebeD,BGC_56_ebeE,TAIL,1,MRARRIPVDYASHTSQVERLRGELLEVLAPIAPGPAAIPFYSTVEERWLT
BGC_56_LINKER_5_HC,BGC_56_ebeE,BGC_56_ebeF,HEAD,1,QAEHPDRFVLVDVDDPDAVPLLPPAVLASREPQLAVRSGEVLVPRLERAAPPEGGAPPPRFDPEGTVLVTGGTGTLGSLLARXXXXXXXXXXXXXXXXXX
BGC_56_LINKER_5_TN,BGC_56_ebeE,BGC_56_ebeF,TAIL,1,MTVAACDTADRDALRALLADGRPPLTGVVHAAGVLDDGLVAGLTPERMAA
BGC_56_LINKER_6_HC,BGC_56_ebeF,BGC_56_ebeG,HEAD,1,DAATGPDTGTGTGTGPGEAEIRRTLAALPVDRLRELGLLDVLLSLADRPDQPDRPASPPPSESPSPASSASPAPAADDELDRLDDMDADDLIARAFGSAT
BGC_56_LINKER_6_TN,BGC_56_ebeF,BGC_56_ebeG,TAIL,1,MAETQDRLVEALRLSLKENELLRRRNADLADPAAEPIAIVGMACRLPGGV
BGC_57_LINKER_1_HC,BGC_57_almHI,BGC_57_almHII,HEAD,-1,LAELLMAEGKDDAGAAALSGIDALDRAVRGMAADDTRRDAVRRRLTELLAVVGHAPRDGDRSTRTAAGTESHGVQAGPDLLGQLDSASDDDLFAFIEDQL
BGC_57_LINKER_1_TN,BGC_57_almHI,BGC_57_almHII,TAIL,-1,MTANDDKIRDYLKRVVAELHSTRQRLNALEDNAREPIAIVGMSCRLPGGV
BGC_57_LINKER_2_HC,BGC_57_almHII,BGC_57_almHIII,HEAD,-1,ELPKGGQKLPADVPAVLEALDRIRDGLATAVTDDNGRAHVAERLQELLGTLASPVAGVRPVNGSNGHDGQGPDELSVGERLAASSDDELFDLFDSDFRSM
BGC_57_LINKER_2_TN,BGC_57_almHII,BGC_57_almHIII,TAIL,-1,MSSATPATNEEKLRDYLRRAMADLHEAREQIRRTESARHEPIAIVGMGCR
BGC_57_LINKER_3_HC,BGC_57_almHIII,BGC_57_almHIV,HEAD,-1,AEHLRSRLVPEEPNVPPLLAELDRLEAAFKELTAADLDSVAPDDIVRDEIAVRLAALGSLWDGLHGSGRAQKHGDSIVDDIDSAADDEIFAFLDESFGDS
BGC_57_LINKER_3_TN,BGC_57_almHIII,BGC_57_almHIV,TAIL,-1,MATEHEQKLRDYLKRATTELHKATERLRDLEHRDHEPIAIVGMGCRFPGG
BGC_57_LINKER_4_HC,BGC_57_almHIV,BGC_57_almHV,HEAD,-1,RAAAARLDVLLAVPSDAAAQEAEIRQALQNVPLARLRAAGLLDGLLELAGLGAESGGWADLPGGEPHRGAATPDEESALAEVDGLDAEALVDLVLNQSDS
BGC_57_LINKER_4_TN,BGC_57_almHIV,BGC_57_almHV,TAIL,-1,MALSQEKVLEALRTSVKDAERLRKRNRELLAARHEPIAIVGMACRYPGGV
BGC_58_LINKER_1_HC,BGC_58_GonP1,BGC_58_GonP2,HEAD,1,TPTALAEYLRDELLPPEPEPERRAEAGSAPPVLPELQQVASALRAAGDDDTRWALTEGLRGLLAQWEGQTPPPPATVDDELAEASDEDMFDLIDRELGTG
BGC_58_LINKER_1_TN,BGC_58_GonP1,BGC_58_GonP2,TAIL,1,MDNEDKLRDYLKRVTTDLRQTRRRLEEVESREHDPIAIVAMACRLPGGVR
BGC_58_LINKER_2_HC,BGC_58_GonP2,BGC_58_GonP3,HEAD,1,FDYPEPGGLADHLLSRLAAAVEPPPADGGPESGPLDAWEAQTERLMDDTAARASLRSRLQGLMDRLDRLSEEPDPGLESRLDQASDDELFDFIEQELGGS
BGC_58_LINKER_2_TN,BGC_58_GonP2,BGC_58_GonP3,TAIL,1,MSEGKLRDYLKRVTTDLHRTGKRLREMEAREREPIAIVAMSCRYPGNVRS
BGC_58_LINKER_3_HC,BGC_58_GonP3,BGC_58_GonP4,HEAD,1,FDHPTPLALADHLCAELALARPAGQAAAPEDDAAVREALAAIPLERLRATGLLDDLLALAPATTSGAGREDGVDSAPAPDALDSMEVDDLVRLAFGAADG
BGC_58_LINKER_3_TN,BGC_58_GonP3,BGC_58_GonP4,TAIL,1,MATSADQIVEALRASLRENDRLRKENQQLVDAAGEPLAIVAMSCRFPGGV
BGC_58_LINKER_4_HC,BGC_58_GonP4,BGC_58_GonP5,HEAD,1,TLVFDYPTPQLLAEHVHDAVFGAADVEPEAAVLADLDRLAGAISGFSPENAARGLVEARLRSMLAELGGEGEAKSAVSQQLDAASDDEIFDFINQELGRS
BGC_58_LINKER_4_TN,BGC_58_GonP4,BGC_58_GonP5,TAIL,1,MANEERLRDYLKWVTADLHETRRRLQELESQQQEPVAIVGMSCRLPGGVR
BGC_58_LINKER_5_HC,BGC_58_GonP5,BGC_58_GonP6,HEAD,1,LVLVRHVLDEIDLPEISGAQPILGELTRLEAALAGATLGDEERAEIAGRMRALAAHWQGDNKQEQGADPYAETDEDDGELASASTAGELFDLIDKELGTS
BGC_58_LINKER_5_TN,BGC_58_GonP5,BGC_58_GonP6,TAIL,1,MVAADDEKYMEYLKRVTTELRQTRRQLREAEGRDQEPIAIVAMSCRYPGS
BGC_58_LINKER_6_HC,BGC_58_GonP6,BGC_58_GonP7,HEAD,1,HPTAAALARHLRTQVAAENPAGAPPVLAELDRLEDVLAGVAQDDPQRARIASRLQVLLAKWHEPEDAAAAVTDDAGVSDRIHSATADEIFDFIDNDLGMS
BGC_58_LINKER_6_TN,BGC_58_GonP6,BGC_58_GonP7,TAIL,1,MNDQKLLEYLKKVTNDLHQTRQRLREAEAGRQEPVAIVAMSCRLPGGVGS
BGC_59_LINKER_1_HC,BGC_59_ttmJ,BGC_59_ttmI,HEAD,-1,GSGTQVPREKPFSELGFDSLTAVELRNLLQSESGAALPASVAFDYPTAARLAHYLSGVLELGAAVEAEVVAEPPVLPDEDETALLAANADDLIDLALRED
BGC_59_LINKER_1_TN,BGC_59_ttmJ,BGC_59_ttmI,TAIL,-1,MTASVDRLTEALRASLLANKRLKQENKALTEAAHDPVVLVGMACRFPGGV
BGC_59_LINKER_2_HC,BGC_59_ttmI,BGC_59_ttmH,HEAD,-1,GAVLPASVVFDYPTVARLARYVGTFFGEAEVPEPAEVSEAAVRAALGSIPLAKLRKARLLDALLELARDGDEPAVDRREEEELLLAADVGDLVDIALRAE
BGC_59_LINKER_2_TN,BGC_59_ttmI,BGC_59_ttmH,TAIL,-1,MTVPVDKLTEALRVSLLANSRLREENRALVDATNEPIALVGMACRFPGGV
BGC_60_LINKER_1_HC,BGC_60_ken16,BGC_60_ken12,HEAD,1,LIFDHPTVTAVARLLAARLTRDEPAGAPRSLVEELDRLEAGLVPDVAAPQAAEAEERLLRLLDRVRAVRGRPDDSDRDGVLDVESASVDEVLGYIDGLGL
BGC_60_LINKER_1_TN,BGC_60_ken16,BGC_60_ken12,TAIL,1,MQRTRLRVRELEADENEPVAIVGMSCRLPGGVTSPEELWALVADGRDAVT
BGC_60_LINKER_2_HC,BGC_60_ken12,BGC_60_ken13,HEAD,1,GAGSGSGTGTGALSGSPLDAGALLTELDRLEAAAGEVALDRDTHAQVVERMRKLAVLWSAVPAPRDGAAAEEEGSVAVRELEAASADEIFDFIKREFGKS
BGC_60_LINKER_2_TN,BGC_60_ken12,BGC_60_ken13,TAIL,1,MSTNEKKLLEHLRWVTTELHETRGQLQRVRNEAHEPVAIIGMACRYPGGV
BGC_60_LINKER_3_HC,BGC_60_ken13,BGC_60_ken14,HEAD,1,TAVELRNRLTTVTGLRLPATVVFNHPTPTALAQKLRAELLPEPGDGGTASGATAPGFADLGTDTDTDIYTGSDPDPEPDADFDAMDVARLVERALGGTQS
BGC_60_LINKER_3_TN,BGC_60_ken13,BGC_60_ken14,TAIL,1,MGDSNAQVVEALRASLKENERLRQQQRRLAAAATEPIAIVAMSCRLPGGI
BGC_61_LINKER_1_HC,BGC_61_divK,BGC_61_divL1,HEAD,1,ATLVFDHPTPAALVEHLRTELAGPPEAEVDEAELRRALATVPASRLREAGVLDVLLDLARTDGAPAPARAVVDKVTDKIEQIDRMDVADLLQQALEGTQP
BGC_61_LINKER_1_TN,BGC_61_divK,BGC_61_divL1,TAIL,1,MSTTENAQLVDALRASLKENARLTHRYDSLRAAAAEPVAIVGMACRLPGG
BGC_61_LINKER_2_HC,BGC_61_divL1,BGC_61_divL2,HEAD,1,PATLVFDHPTPAAITRFLLGELGAGADGTETLLAELDRLTAAVDTADAEAHARVLARMQAIVRRWEATGAAPAGEETGVDLETAGDDEIFDLIDQEFGTA
BGC_61_LINKER_2_TN,BGC_61_divL1,BGC_61_divL2,TAIL,1,MSRADRGEGPPAMADDKLRDYLKRVVADARRLQKRVRDLEAERTEPIAIV
BGC_61_LINKER_3_HC,BGC_61_divL2,BGC_61_divL3,HEAD,1,AFDHPTPSELVEHLSGRLGGGHDDDRVLAELARLESAVADAGPDGPPTGLGTRLRALLARVETAAPAPAGDVAARLESASAADVLAFIDDEFGPEDPEGE
BGC_61_LINKER_3_TN,BGC_61_divL2,BGC_61_divL3,TAIL,1,MTGAVDSQNTAGGDERLVKYLKRVTADLHRTRERLARATAERSEPIAVVG
BGC_61_LINKER_4_HC,BGC_61_divL3,BGC_61_divM,HEAD,1,PATLTFDNPTPTALAAYLRSVLCPEGGPAPDEGPGGAGRRSCAGVLATAPLDRLRDLGVLDAVRPLLDDAVEGPADGAAEALAGMDVDDLVARAMSKAGK
BGC_61_LINKER_4_TN,BGC_61_divL3,BGC_61_divM,TAIL,1,MTRTTDTEVVEALRASLIENDRLERENLSIRAASTAPIAIVGMACRLPGG
BGC_62_LINKER_1_HC,BGC_62_becA,BGC_62_becC,HEAD,1,LADHPWLSDHTVMGTVILPGTAFVELALHAAETVGLDEIAELVLHAPVTFGSQSAALLQVIVGPDDPSAGRTLTIRSRSEEDQSWTENATGTLGALVGVS
BGC_62_LINKER_1_TN,BGC_62_becA,BGC_62_becC,TAIL,-1,MSKAERPGLPDGVREVDIEHLYSRFADRGLQYGPAFRGLRAVWSHGEEVY
BGC_63_LINKER_1_HC,BGC_63_becB,BGC_63_becD,HEAD,-1,ADEVDADRSFRDMGFDSLAAVRFRNALGEVIGERLPATLVFDHPTSLVLTRHLLEEMAIDVPENEPEPESAEGAADRTAAIQNMSLADLLRTARRSGDPT
BGC_63_LINKER_1_TN,BGC_63_becB,BGC_63_becD,TAIL,-1,MNAEVEEIVEALRGSLVENERLRQDNDSLRAAASVTTEPIAIIGMACRYP
BGC_63_LINKER_2_HC,BGC_63_becD,BGC_63_becE,HEAD,-1,VFDHPTPSAVAESLREQLTGDQEPAGSPLEAELARLEAALASVTPDEETFGRVADRLRALAAGWTETHRRDESDEAELGSLSADELFDVLDDELDTRSAS
BGC_63_LINKER_2_TN,BGC_63_becD,BGC_63_becE,TAIL,-1,MSDQEKLLDYLKRATTDLRTARRRVAELEQRDQEPIAIVSMACRYPGGVN
BGC_63_LINKER_3_HC,BGC_63_becE,BGC_63_becF,HEAD,-1,LAFDYPTPLAIAELVHDGLRPEEADGAAALLAELNRLEAVLTELASGDREAHAKVTARLETMSRRARDAGSGVTDEPVGGLVTESDDELFAVLNKELGLS
BGC_63_LINKER_3_TN,BGC_63_becE,BGC_63_becF,TAIL,-1,MSKDSNDERLREYLRLATGELQQTRRRLREAEDREREPIAIVGMACRFPG
BGC_63_LINKER_4_HC,BGC_63_becF,BGC_63_becG,HEAD,-1,FDHPTARVLAEHIGAELAPDGDAGAAADEETVRRLLGSIPLTRLHDAGLMEALLELAGSGAASGMAAAVPEEDSIDAMDAEALISMALQDTDPDEATREV
BGC_63_LINKER_4_TN,BGC_63_becF,BGC_63_becG,TAIL,-1,MADTDQKLVAALRASLKESESLRTRNRALQAASREPIAIVAMSCRYPGAT
BGC_64_LINKER_1_HC,BGC_64_bafAI,BGC_64_bafAII,HEAD,1,PDALATYLDAELSAAPGPPSPLLAELDRLAALLAAVPPGAAGTEGVGRRLDELLRGWDRRTGTPEGTAPPPGPVDDTATVTETATADELFALLDNDFGNA
BGC_64_LINKER_1_TN,BGC_64_bafAI,BGC_64_bafAII,TAIL,1,MSDDKKLLDYLRRATADLGDARRQLREAEQARHEPIAIVSMACRYPGGAR
BGC_64_LINKER_2_HC,BGC_64_bafAII,BGC_64_bafAIII,HEAD,1,DHPTPAAIAAHLAAELVPDAAPGPAPGLAELVRLEGALDGGVDDPADRERLAARLRELLGRLDPAATAGDGPAADSLEDRMDGASDDELFDLIDNELGLS
BGC_64_LINKER_2_TN,BGC_64_bafAII,BGC_64_bafAIII,TAIL,1,MVNDDKLRDYLKRVTADLHRTRRRLTEAEEAGREPIAVTAMSCRYPGGVR
BGC_64_LINKER_3_HC,BGC_64_bafAIII,BGC_64_bafAIV,HEAD,1,PEALARHLAGRATAARPTGDAAVRAGLDALETLLDALPPDGVSDELAARIREVLARPLPGGPPGATARPTDDADELAPELIEAATDDEMFDYIDRQLGSA
BGC_64_LINKER_3_TN,BGC_64_bafAIII,BGC_64_bafAIV,TAIL,1,MRTRRSRTPRTRRRDPSSPRRKQRCPVSDQRMRDYLNRVTIDLRNTRQRL
BGC_64_LINKER_4_HC,BGC_64_bafAIV,BGC_64_bafAV,HEAD,1,AAVAAYLSTRLVPDGPGGSAVTGRAAGTPDHEISSLLATIPPAALRRAGLLDVLLDLADRPEEAPANDTGTPAADDIEDDDIKDMAVDELVRMALGGERD
BGC_64_LINKER_4_TN,BGC_64_bafAIV,BGC_64_bafAV,TAIL,1,MVAALRASLLDNQRLREQNRRLRDDCAEPVAIVAMSCRYPGGVRTPEDLW
BGC_65_LINKER_1_HC,BGC_65_lsd11,BGC_65_lsd12,HEAD,1,LVFDYPTSEALAGHLLEQLAPQGPQDSVSVLGEIDRLESALASVGTDGQDDGTITTRLELLLAKWKEAQNSAARASVADRLQAATPDEVLDFIDNELGVS
BGC_65_LINKER_1_TN,BGC_65_lsd11,BGC_65_lsd12,TAIL,1,MACRFPGGADTPERLWELVAEGRDAITGFPTDRGWDLDALFDPDPDRSGT
BGC_65_LINKER_2_HC,BGC_65_lsd12,BGC_65_lsd13,HEAD,1,AAYVEAQLLPDVSGARLPVLEEIDRLDASLSDGPADADLLHAVQDRLQEMLWKLADRSAASGGTASPSGDPDERGATDGDFASATADDMFDLIDRDLGLS
BGC_65_LINKER_2_TN,BGC_65_lsd12,BGC_65_lsd13,TAIL,1,MEVSRMPNTEEKLLDYLKRVTADLKQTQRRLREAEAADTEPIAIVGMGCR
BGC_65_LINKER_3_HC,BGC_65_lsd13,BGC_65_lsd14,HEAD,1,LVFSHPTPKALAQYLAGVIRPDEEAAARPPALRDIDLLEDSLWAQSFDAATRDLVARRLDALLRRWSAGGTTEEGVDEAALDTASDDELFQILDEQLGNA
BGC_65_LINKER_3_TN,BGC_65_lsd13,BGC_65_lsd14,TAIL,1,MADVVNTEDRLRDYLKRATADLSRVRRQLQETEAASREPIAIIGMACRLP
BGC_65_LINKER_4_HC,BGC_65_lsd14,BGC_65_lsd15,HEAD,1,LVFDHPTPEAVVRHLRAELGLEGDGAPDPVFDELDGLERALSSYTPDTDTRVKITKRLESLLWEWTRSEADAPDPVDAADLAAVSDDEMFELIDRELGSA
BGC_65_LINKER_4_TN,BGC_65_lsd14,BGC_65_lsd15,TAIL,1,MPNDEKKLRDYLNRVTADLRQTRGRLKAVEAKEWEPVAIVGMGCRFPGDV
BGC_65_LINKER_5_HC,BGC_65_lsd15,BGC_65_lsd16,HEAD,1,TPSSVVELLRTEMALGEADAFTVLTTDLDRVEAGLFALDTDDVDHRVIADRLQDLLARWNDIRGPQGANGPSVVESVAERVNSASDDDLFDFIREEFGRP
BGC_65_LINKER_5_TN,BGC_65_lsd15,BGC_65_lsd16,TAIL,1,MSNEPNEPQDSHEPNVRSAVREGALSNEERLRDYLKWVTTDLHDTRRRLR
BGC_65_LINKER_6_HC,BGC_65_lsd16,BGC_65_lsd17,HEAD,1,DYPTPTRLAEHLRAGLEPEIGAVPHVDPEEAAVREALASLSLQQLREAGLVDVLLSLAGGDDAMAGTGSEAEEETLSIATMDVDDLVQLALDTPETEFRK
BGC_65_LINKER_6_TN,BGC_65_lsd16,BGC_65_lsd17,TAIL,1,MACRFPGGVESPEQLWRLLTEGRDAVADFPSDRGWDLDPLYDPDPDHPGT
BGC_66_LINKER_1_HC,BGC_66_gphF,BGC_66_gphG,HEAD,1,LTSLELRERLEIELSLSLPAALLMLRPTLAELLDELVARLDAVHGGASPAAATEPSAALAPTAPSDPARAALIEQVSGASDESLVPFIDEALDELLGGES
BGC_66_LINKER_1_TN,BGC_66_gphF,BGC_66_gphG,TAIL,1,MDPQQRLLLELAWECLEHGGLAPDRIRGSQTGVFVGLMNRDYAELSPTPE
BGC_66_LINKER_2_HC,BGC_66_gphG,BGC_66_gphH,HEAD,1,GLRRPFFELGLDSLTALELRNRIVAELPCRLDPTFAFALPTVEELSGVLVEQLEAREHTPPVTAAGEASPESLPSSLSTEELAGLLAEELAAIAEEESQS
BGC_66_LINKER_2_TN,BGC_66_gphG,BGC_66_gphH,TAIL,1,MSNGQSADPHELLRQSLVELRKLRARLQEAQRPPAPVAVVGMSCRLPGAD
BGC_66_LINKER_3_HC,BGC_66_gphH,BGC_66_gphI,HEAD,1,VIRSVLGFAPGDPLDPDRGFFELGVDSLTAIALREKLQQALGMKLAASLVFDHPSPRALEEYLAGALGLPDAERASARADGDLDAALDAEVAALEALLGT
BGC_66_LINKER_3_TN,BGC_66_gphH,BGC_66_gphI,TAIL,1,MACRYPGGVEDPEAYWSLLNAGADATGDIPGERWDVDAFHDPTGARVGSS
BGC_66_LINKER_4_HC,BGC_66_gphI,BGC_66_gphJ,HEAD,1,GFFNMGLDSLLSVELRNRLQADLDRELPSTLTFRFPTPLALLDFLCGEPQPEVPVRPEQPAAASADTARNAEIDEIEALSADELEALINDNFDTVSRGRR
BGC_66_LINKER_4_TN,BGC_66_gphI,BGC_66_gphJ,TAIL,1,MSDRTDPALDRLDPLQRAAYTIKRMRAELDARERERSEPIAIVGIGCRFP
BGC_67_LINKER_1_HC,BGC_67_tmcA,BGC_67_tmcB,HEAD,1,TDRSFSELGFDSLTSVELRNLLRTRTGRTLSSGVVFDYPTVTQLAGYVDSLFAPAEPSGDEDGPDGAVARRARPADDGPDEALLLDADVDDLINIALRDQ
BGC_67_LINKER_1_TN,BGC_67_tmcA,BGC_67_tmcB,TAIL,1,MPSPAGLGRPTTVPTRLFCSTPTSTTSSTSRFAISERPTRELMMAVSVDK
BGC_68_LINKER_1_HC,BGC_68_atcD,BGC_68_atcE,HEAD,1,LLPVALDVLVRTGALPPSVMVRAAAHPGTPASGSVHTFDIQLLDDEGRVLLSLERLTIKLPDVRTAVPSEDALEDLLRRFRDGEIDERTAESALEAFCAE
BGC_68_LINKER_1_TN,BGC_68_atcD,BGC_68_atcE,TAIL,1,MQNDATGRKALLSRIRSGAVGVEEAARLLRTNDAGRRPESAQDRTEQLAR
BGC_68_LINKER_2_HC,BGC_68_atcE,BGC_68_atcF,HEAD,1,ERPFTEYGVDSIILVELVSTLNAEMGIDLGTTALFDHPTLAALAAFVHDEHTPVPAGDAPGHTPRDGVDDGKTDEQDMLRRLAAGDLSLEEAYMNLGGSA
BGC_68_LINKER_2_TN,BGC_68_atcE,BGC_68_atcF,TAIL,1,MKKLLELVETKQITPEEGQRRLAELRAAERQAEQPQAAHTAGSPAGQRIA
BGC_69_LINKER_1_HC,BGC_69_cppA,BGC_69_cppB,HEAD,1,LPATLVFGFPTPELAAREVSALLGPGPQEPCGPELAGLEAALDGLSGDGPDRRAVADRLEVLAAGLRRPAAQPGGPPDEDLDSVSVDRLLDIIDEEFDTA
BGC_69_LINKER_1_TN,BGC_69_cppA,BGC_69_cppB,TAIL,1,MQESQDQQNRIVDSLRRVTTDLRRARRRIDELESVGNEPVAIVGMGCRLP
BGC_69_LINKER_2_HC,BGC_69_cppB,BGC_69_cppC,HEAD,1,PTDLARHLGTLLFGDTPGEQGTTRTDDPDAHIREVLASVPIGRLRRAGLLDMVLGLADAEPGAADDPDPDAGRTDDGGAESLDDMDAEALLRLVTENSAN
BGC_69_LINKER_2_TN,BGC_69_cppB,BGC_69_cppC,TAIL,1,MSTSDQKYVEALRSSLKEVERLRRQNEQLVAAASEPVAVVGIGCRFPGGV
BGC_69_LINKER_3_HC,BGC_69_cppC,BGC_69_cppI,HEAD,1,PAEVVRHLRSRLVVAEPAGADAVLAALDGLERAIAGLHVDDEGEHRRVAGRIEVLRTKWAGLHAEDRPSDPDGDGAGDDTLDDASDDDMFALLNDELGLG
BGC_69_LINKER_3_TN,BGC_69_cppC,BGC_69_cppI,TAIL,1,MDNEQKLRDYLKLATADLRRTRRRVSELESAAQEPIAVVGMACRYPGGVR
BGC_69_LINKER_4_HC,BGC_69_cppI,BGC_69_cppJ,HEAD,1,TLVFDHPTPAAVARYLLDELAGDDTGADGEEAGIRAALATVPLERLRELGVLEPLLRLVGRGEETAADDDTGTGPGGSEVDAMSVDDLVRAALDGRPDDL
BGC_69_LINKER_4_TN,BGC_69_cppI,BGC_69_cppJ,TAIL,1,MNEKHASGTAGGNDVVTALRAAVKETDRLRRQNRMLQSAATEPIAVVGMG
BGC_69_LINKER_5_HC,BGC_69_cppJ,BGC_69_cppK,HEAD,1,PAEVARHLDEEVLGSADRGASSPLAELDRLEAALSPDGADAETRSGVARRLRRLLEQWDGARTDGADPDGRTAVDERLESASTEQVLAFIDNELGRSSAR
BGC_69_LINKER_5_TN,BGC_69_cppJ,BGC_69_cppK,TAIL,1,MPDEQKLVDYLKWVTADLHDTRRRLAEAEAARHEPVAIVGMACRFPGGVR
BGC_70_LINKER_1_HC,BGC_70_SchA1,BGC_70_SchA2,HEAD,1,VMGIELRNRLNKATGLRVSPTAVFDHPTSEALARHLLDELATGSTPFTETGGEPVNGTPATASPVARHAPSAGSEIDSMSIEEMIRMARGDRPDPVDESE
BGC_70_LINKER_1_TN,BGC_70_SchA1,BGC_70_SchA2,TAIL,1,MDPQQRLLLEVSWEALERAGLKAEDLRGSRTGVFVGVSNSGYIPEPGRVP
BGC_70_LINKER_2_HC,BGC_70_SchA2,BGC_70_SchA5,HEAD,1,AGEADGPGPVRGPGADQGHGDAGAALLAELDRLERMLTAARAEDVTATGVAERLRSLLDRAHTRSTADGAASVPGGAPVTARLESATADELLDFIDQELS
BGC_70_LINKER_2_TN,BGC_70_SchA2,BGC_70_SchA5,TAIL,-1,MPRAGGRLIGLPFSGSRARSVRGRKGLNLMTDERKVVDYLRRVTADLHET
BGC_70_LINKER_3_HC,BGC_70_SchA5,BGC_70_SchA4,HEAD,-1,ATTVFDHPSPAALTEHLLPQLTTADGPEGTDVTDVPGEEDIRRAIAGLSLAQLRDAGLFEPLMVLTGLGSADGADDTEEQSAIDDMDVDDLVQAALAEDS
BGC_70_LINKER_3_TN,BGC_70_SchA5,BGC_70_SchA4,TAIL,-1,MAASNDSVVRALRASMKQNERLQRENNRLAEAAREPIAIVGMACRFPGGV
BGC_71_LINKER_1_HC,BGC_71_orf9,BGC_71_orf10,HEAD,1,GTVTGLTLPATLVFDHPTPAAVADRLDTSLAPAEPPLLAELDRLAERLGRTDDEDERTTVAQRLRAMLSLVDGDLDEDDDFDPVSNEEMYDLIDRELGTS
BGC_71_LINKER_1_TN,BGC_71_orf9,BGC_71_orf10,TAIL,1,MSEEEKLRGYLKRVMNDLRKANRRLEKAERARTEPIAIVGMACRLPGGVR
BGC_71_LINKER_2_HC,BGC_71_orf10,BGC_71_orf11,HEAD,1,LSGPEREKALLALVRAEAAAVLAHDSPDAVLGHRTFAELGVDSLAAVELRNRLAARTGVRLPAAVVFEHPTPAALAAHLSASLPDTDGTAGVSVSDTVDL
BGC_71_LINKER_2_TN,BGC_71_orf10,BGC_71_orf11,TAIL,1,MVLGESISSLSPAGTRWKRPSPMPPRGPWTAPSCACASPRCWPSTAATHR
BGC_71_LINKER_3_HC,BGC_71_orf11,BGC_71_orf12,HEAD,1,LSATAVFDHPSPAALADHLLRHLAAPPTAAVGSLDEELDRLAGVLSGVSDEDERRRALTRLQGLVGRLATPADTGRASVGEALGTASDEEIFRFIDSELS
BGC_71_LINKER_3_TN,BGC_71_orf11,BGC_71_orf12,TAIL,1,MSDVDRLRDYLRKVTVDLHEARQRLREHEQRDAEPMAVVGMACRFPGGIT
BGC_72_LINKER_1_HC,BGC_72_cmiP4,BGC_72_cmiP3,HEAD,-1,TLVFDHPTPAELVAYLDTRLAPDTAEPNAAPDAQPDSEEAEIRRSLATLPLTVLRRAGVLDVLKNLAGQGREDPAPAGEVSIDELDAAGLLALARKNTAN
BGC_72_LINKER_1_TN,BGC_72_cmiP4,BGC_72_cmiP3,TAIL,-1,MDKSADFVEALRSSLKEVERLRQQNEQLLVAATEPIAIVGMGCRYPGDVA
BGC_72_LINKER_2_HC,BGC_72_cmiP3,BGC_72_cmiP2,HEAD,-1,DHTIAGTTIVPGTAFVELALHAADIAGCDEITELVLHTPLVLSTQSSSLLQVAVGPADPSGARSLTIRSHGEDVRLWVEHADGSIGPGETAPELPEPVRV
BGC_72_LINKER_2_TN,BGC_72_cmiP3,BGC_72_cmiP2,TAIL,1,MTGSEEAFASADGTDEAWPPPGGDAWDTAGLYARLADRGFQYGETFRGLR
BGC_73_LINKER_1_HC,BGC_73_cmiP1,BGC_73_cmiP5,HEAD,-1,AAIDPARPFKDLGFDSLTTIELRNRLSSATGLRLPATLVFDYPDPPVLARYLLSELAPETEPENPSEAATDGGAEDDQVAALRTMDVGDLIKAARRSASG
BGC_73_LINKER_1_TN,BGC_73_cmiP1,BGC_73_cmiP5,TAIL,-1,MDASVEEIVEALRDALVDNERLRRQNSRLTAAAADPIAIVGMACRFPGGV
BGC_73_LINKER_2_HC,BGC_73_cmiP5,BGC_73_cmiP8,HEAD,-1,PATLVFDHPTAQATAAYILALAGPREPGDETALLAELDRLEARLADLAPAPGGTARIGARLDVLVRKWRSAQANPVPEPSYESATDDELFAALDRELGTG
BGC_73_LINKER_2_TN,BGC_73_cmiP5,BGC_73_cmiP8,TAIL,-1,MLLVSDDKVRDYLKRATAELQQSRRRLQEMQEREYEPIAIVAVGCRFPGG
BGC_73_LINKER_3_HC,BGC_73_cmiP8,BGC_73_cmiP7,HEAD,-1,HASPTALADFVGRQLDRDATPAGHPDGEPAAVELDRLEAAVTGLSPDDLREHRIVDRLRTLVARLTEGPDAAGTADVGDLLQTAGADEVFAFIDQELGPA
BGC_73_LINKER_3_TN,BGC_73_cmiP8,BGC_73_cmiP7,TAIL,-1,MATSANDGKILDYLKRVTADLHQTRRRLAERETEDREPIAIIGMSCRFPG
BGC_73_LINKER_4_HC,BGC_73_cmiP7,BGC_73_cmiP6,HEAD,-1,YPDPQQLAARLGTELAPENDGGAADPEERVRRILSAIPFTRLRDAGLMDGLLELAGLGGTDLGLAGRTADEPASIDAMDTDSLISMALDGSGLDDATRDV
BGC_73_LINKER_4_TN,BGC_73_cmiP7,BGC_73_cmiP6,TAIL,-1,MAGSEEKLVGALRASLKDAERLRTRNRELTAALREPIAIIGMACRFPGGV
BGC_74_LINKER_1_HC,BGC_74_mlaA1,BGC_74_mlaA2,HEAD,1,FDYPTPVQLASMLRAELAPDGAESASEELPQTVVAELDRLEGSLGTVAPGARTAVVARMQALLQKLDGLDDAERQETNVAIDSATDDEIFDFIDNELGLS
BGC_74_LINKER_1_TN,BGC_74_mlaA1,BGC_74_mlaA2,TAIL,1,MNEDKLRDYLKRVTADLQRTRRRLAEVESRDSEPIAVVGMACRFPGGADT
BGC_74_LINKER_2_HC,BGC_74_mlaA2,BGC_74_mlaC,HEAD,1,LAGHAWLADHTVMGTVILPGTAFVELALHAAQTVGLDEIAELVLNAPVTFGSQSAALLQVIVGPDDPSAGRSLTIRSRSEEDHSWTDNATGTLSALTAVH
BGC_74_LINKER_2_TN,BGC_74_mlaA2,BGC_74_mlaC,TAIL,-1,MSKAERPGLPDGVLEVDIEHLYSRFADRGLQYGPAFRGLRSVWSHGEEVY
BGC_75_LINKER_1_HC,BGC_75_mlaB,BGC_75_mlaD,HEAD,-1,DAERSFRDMGFDSLAAVKFRNGLGEAVGERLPATIVFDHPTALVLTRHLLEEMAINDPEPEPEPEPEPEPAEDTEDRTAAIQNMDLAELLRTARRSGDPT
BGC_75_LINKER_1_TN,BGC_75_mlaB,BGC_75_mlaD,TAIL,-1,MDAQVEEIVEALRGSLVENERLRQDNESLRAAASVATEPIAIIGMACRFP
BGC_75_LINKER_2_HC,BGC_75_mlaD,BGC_75_mlaE,HEAD,-1,VFDHPTPVAVAERLGEQLGGDQEPAVSPLDAELARLEAALASATPNEETALRVAERLRALAAGWAETHRPDESEETALESLSADELFDVLDGELDTRSAP
BGC_75_LINKER_2_TN,BGC_75_mlaD,BGC_75_mlaE,TAIL,-1,MSNQEKLLDYLKRATTDLRTARRRVAELEQRDQEPIAIVSMACRYPGGVN
BGC_75_LINKER_3_HC,BGC_75_mlaE,BGC_75_mlaF,HEAD,-1,LAFDYPTPLAIAELVHEGLRPAEADRAASLLAELNRLEGVLTELASDDGEAHAKVTARLEAMSRRARDARSGVADEPVGGLEAESDDELFAVLNKELGLS
BGC_75_LINKER_3_TN,BGC_75_mlaE,BGC_75_mlaF,TAIL,-1,MSKDSNDDRLREYLRLATGELQQTRRRLREVEDREREPIAIVGMACRFPG
BGC_75_LINKER_4_HC,BGC_75_mlaF,BGC_75_mlaG,HEAD,-1,IFDHPTARVLAEHIAAELAPDGDGAGTDDETVRRLLGSIPLSKLHDAGLMDALLELAGVGAAPGAAPAVPEEESIDAMDAEALISMALQDTDLDEATREV
BGC_75_LINKER_4_TN,BGC_75_mlaF,BGC_75_mlaG,TAIL,-1,MADTDQKLVAALRASLKESESLRTRNRALQAASREPIAIVAMSCRYPGAT
BGC_76_LINKER_1_HC,BGC_76_idnP1,BGC_76_idnP2,HEAD,-1,RAGIRLPATLVFDYPTPAAIAAHLLDQLAVPSTATAPLGAELAAIEAALDGASPGDEHLEEVVARLRELTARWSDARGAGDEIAAATADELFDILDGELN
BGC_76_LINKER_1_TN,BGC_76_idnP1,BGC_76_idnP2,TAIL,-1,MQGTGNTGEFTGGSRLPGRADRECAPLSVVDGGPVKVRPERWVTSVGNEE
BGC_76_LINKER_2_HC,BGC_76_idnP2,BGC_76_idnP4,HEAD,-1,PATLVFDHPTVVAIAAHIDERLTDRGDDPTGLVIADVDRLAGTLTGGGLDRAAVTARLEALLRSWRDGEETEEAGGERAPDYTTASDDELFAVLDNELAD
BGC_76_LINKER_2_TN,BGC_76_idnP2,BGC_76_idnP4,TAIL,-1,MPDAMRVGHLGNGAAMANEEKLRAYLKRATTELQQTRQRLRDVEARGHEP
BGC_76_LINKER_3_HC,BGC_76_idnP4,BGC_76_idnP3,HEAD,-1,AAHLWTLLYENTTVPGAADGEIPVSAALDRLEARIAALSREEIEGARVGARLAALAGRVAAALGADPAAGGTAGAGVADRIDTATADDLFDLIDNELGAS
BGC_76_LINKER_3_TN,BGC_76_idnP4,BGC_76_idnP3,TAIL,-1,MANEDKLVDYLKRVTVNLHQTRERLRELENAEQEPIAVVAMGCRFPGGVA
BGC_76_LINKER_4_HC,BGC_76_idnP3,BGC_76_idnP5,HEAD,-1,PRSLAAHLAAELAPEETPAEPAAADAVAGSADDEAVLTRVRDALATVPLARLRETGLLDGLLALADTGTGDAAGADDGAIDAMDSEALISLALGGGPAPS
BGC_76_LINKER_4_TN,BGC_76_idnP3,BGC_76_idnP5,TAIL,-1,MGTSEDRLVEALRASLKEADRLREQNKKLTEAEREPIAIVGMACRFPGGI
BGC_77_LINKER_1_HC,BGC_77_gfsA,BGC_77_gfsB,HEAD,1,LVFDYPSPVLLAGHIGEQLALDEPAPEPMMAAELERLEAAVTAGRFDDASRDEVAVRLRKLLTYFDTVADTARGETDDGDVASASVDELFALLDEELDDR
BGC_77_LINKER_1_TN,BGC_77_gfsA,BGC_77_gfsB,TAIL,1,MSVPPPGATPSRTSRTKGLKDRPRMENEEKLVEYLKRATTDLRQARRRLR
BGC_77_LINKER_2_HC,BGC_77_gfsB,BGC_77_gfsC,HEAD,1,PTPAALARYLHTHLVDDAVDQVDIRSVLAELDRLEATLAQVQAGDVGHMKIASRLQDLVGQWHGSGGATPGEDTVTDLEEATADEIFSFIDDNFGSTEVH
BGC_77_LINKER_2_TN,BGC_77_gfsB,BGC_77_gfsC,TAIL,1,MTDEAKLLSYLKRVTADLDRTTRRLREAEEQRYEAIAIVGMACRYPGGVR
BGC_77_LINKER_3_HC,BGC_77_gfsC,BGC_77_gfsD,HEAD,1,LVFDYPSPVLLAGHIGEQLALDEPAPRLPVVAELERLEAAVSAARFDEDSRDDVAARLRKLLSHLDALAASPKREADDGELASASVEELFALVDQELEDL
BGC_77_LINKER_3_TN,BGC_77_gfsC,BGC_77_gfsD,TAIL,1,MDNEEKLVEYLKRVTADLRQVRRRLREVEDQQREPIAIIGMSCRFPGGIH
BGC_77_LINKER_4_HC,BGC_77_gfsD,BGC_77_gfsE,HEAD,1,DELAPEPTDAQPAVFADLDALEATLAGLTEAGANSGSSDGAGTDDAVRDRVTARLKSLLWKWTDAQGGGEDMSRPEAGGDTAPVSDDEMFDLIDKELGSL
BGC_77_LINKER_4_TN,BGC_77_gfsD,BGC_77_gfsE,TAIL,1,MTNEDKLRDYLNRVMGELRQSRARLSESEARDHEPIAIIGMSCRFPDGVR
BGC_78_LINKER_1_HC,BGC_78_idmL,BGC_78_idmM,HEAD,1,LIFDHPTPAALAHHLRTELVPDEGEATGDAPRFTSDSGAGDEGRSAEETTLAVDDMDIADLIRMAHGELGTTEQQQADASTQFEAPGHNGGPGRSEGQSS
BGC_78_LINKER_1_TN,BGC_78_idmL,BGC_78_idmM,TAIL,1,MTDASTDKVVGALRASLKETERLRLQNRKLEDAAREPIAIVGMACRYAGG
BGC_78_LINKER_2_HC,BGC_78_idmM,BGC_78_idmN,HEAD,1,RYVRARVAPAPADPTTRLLTDLDRFEAELLGTTPDDDDSVRITNRLRAVLSKWTEQRRRVDASDQDQTDRSAVGDHLATATAEEIFDFIDRGLGRKKGDS
BGC_78_LINKER_2_TN,BGC_78_idmM,BGC_78_idmN,TAIL,1,MASDEKLVEYLKWVTADLHETRERLQELESGSREPIAIIGMSCRYPGDVR
BGC_78_LINKER_3_HC,BGC_78_idmN,BGC_78_idmO,HEAD,1,VYDHPTPAALARHLHAQLQPGEDGGEVDALEGLQRIEAAVLAAPADGGVRDRVAKRLRDLLRTMDAGAESQADGGLDRTTLESASDDEMFALIDKELGLD
BGC_78_LINKER_3_TN,BGC_78_idmN,BGC_78_idmO,TAIL,1,MHMVGVEEKLRDYLRRVTGELSETRQRLKEAEAESREPIAIVSMACRFPG
BGC_78_LINKER_4_HC,BGC_78_idmO,BGC_78_idmP,HEAD,1,LDTAGAGAAGEPDGPAPAPADEARFRRVINSIPLDRIRRAGLLDALLGLAGTSADTAASDDFDQEEDGPAIASMDVDDLVRIALGESDTTADITEGTDRS
BGC_78_LINKER_4_TN,BGC_78_idmO,BGC_78_idmP,TAIL,1,MSSASSEKIVEALRASLTENERLRRLNQELAAAAHEPVAIVSMACRFPGG
BGC_79_LINKER_1_HC,BGC_79_jerA,BGC_79_jerB,HEAD,1,PDVLLRDLGLKSPIAVELGSRLGRRTRRKLPVTFVYNHPTPRAIARALLEGMFSSIKDSASSAADDRRPPGVLEDVAPPQALETSEMSDDELFQSIDALV
BGC_79_LINKER_1_TN,BGC_79_jerA,BGC_79_jerB,TAIL,1,MDRSDKLRAYLEKTTASLVEAKGRIRELEARSREPIAIVAMACRFPGGVD
BGC_79_LINKER_2_HC,BGC_79_jerB,BGC_79_jerC,HEAD,1,YPTPKAVAVYLAQELDLHDVMTEMRGPSLRSDDELKSAIASIRISTLRQAGLLDSLLRLAASEAVSTSSDTTPETDELTLQHVGDDELARLVFDLAGGAQ
BGC_79_LINKER_2_TN,BGC_79_jerB,BGC_79_jerC,TAIL,1,MKEEISARQALEKSFIELRRIKRELDQLKAKSSEPIAIVSMACRLPGGVD
BGC_79_LINKER_3_HC,BGC_79_jerC,BGC_79_jerD,HEAD,1,LAYDYPTARAIAGHLSEQMGLEGAPEDRESALDESQIRALLMQIPIPTLRQSGLLGDLVRLASPQAPPREEGESETLSFDHLGNEEFLSLASKLIAEEGS
BGC_79_LINKER_3_TN,BGC_79_jerC,BGC_79_jerD,TAIL,1,MNQETVLRQTLEKSLHKIQHLNRELERLKAKSSEPIAIVSMACRYPGGVD
BGC_79_LINKER_4_HC,BGC_79_jerD,BGC_79_jerE,HEAD,1,YPTPRALASYLETLLGISDENGHSGELLHVPQNEDEIRSAIARIPIATLREAGLLQSLLRLAPGKAVAGDVTHPVDELLVEHIEDEELLRLAFEATGGIK
BGC_79_LINKER_4_TN,BGC_79_jerD,BGC_79_jerE,TAIL,1,MKDEALSFRRALEKTVVEIRRLNREIDDLRAKSSEPIAIVSMACRFPGGV
BGC_80_LINKER_1_HC,BGC_80_natA,BGC_80_natB,HEAD,1,LIFDYPTPDALVGYLRSELLRDADDGLDGREDDIRRALATVPLARFRDAGVLDTLLGLVDTEDAPASETPEGAAPAEAQENLIDAMDVADLVQRALGRTS
BGC_80_LINKER_1_TN,BGC_80_natA,BGC_80_natB,TAIL,1,MSGPDDQIVNALRASLKENARLEQENSKLAAAAAEPIAIVSMACRYAGGI
BGC_80_LINKER_2_HC,BGC_80_natB,BGC_80_natC,HEAD,1,TVVFDYPSPLALARHLHAELGISNDALTLVHEKIEDIGSLIAGLLSDESKKADIVLRLQGLVAKCNGEADDTQGSAVTEQLESASADEVLDFINDELGIV
BGC_80_LINKER_2_TN,BGC_80_natB,BGC_80_natC,TAIL,1,MATEQELLKYLKRVTTELHDLRRQVRRSADEPVAIVGMACRLPGGVTTPE
BGC_80_LINKER_3_HC,BGC_80_natC,BGC_80_natD,HEAD,1,VFDYPTPLALARYLHDRLAPGDQTAPTTHPLLAELSKLEGLLAESTADDATRTQVTTRLQGLLSAWATATATEQDAEEDLDYESASDDELFDLIDTEFGH
BGC_80_LINKER_3_TN,BGC_80_natC,BGC_80_natD,TAIL,1,MADESKLRDYLKRVLADARRSQQRVRELEAEKAEPIAIVGMACRLPGGVT
BGC_80_LINKER_4_HC,BGC_80_natD,BGC_80_natE,HEAD,1,DYPTPLALARHLHGELAPGSATGQRPAAEADEERLRHALLALPLERFREAGLLDALVELAAREPGAPAPEDPDTAQGALADLDVDDLVNLALGDSESLEG
BGC_80_LINKER_4_TN,BGC_80_natD,BGC_80_natE,TAIL,1,MSASYEKLVEALRKSLEEVGTLKKRNQQLLAASREPIAIVGMACRLPGGV
BGC_81_LINKER_1_HC,BGC_81_makA1,BGC_81_makA2,HEAD,1,TTLVFDHPTPIALVDHLKAELAPDPAAVFAPLLTELDRLATAADELPTDTDHHRDVVARLQDLLGRLTGTPQQATNGGSAGTDLDAATDDEIFSLIDNGL
BGC_81_LINKER_1_TN,BGC_81_makA1,BGC_81_makA2,TAIL,1,MSNEAKLREYLKRATAELQQTRQRLVDVEAVAREPIAVVGMACRLPGGVR
BGC_81_LINKER_2_HC,BGC_81_makA2,BGC_81_makA3,HEAD,1,TVVFDYPTTEVLAEYLRQQLAPAEASPVDALLAELEQAERRLDDISGDGESRGRLAARLQHLLARLEEADTPGADAPEVVAEQLAAASDDDLFAFIDNEL
BGC_81_LINKER_2_TN,BGC_81_makA2,BGC_81_makA3,TAIL,1,MSNEEKLRDYLKRVTADLHSTRQRLQAIESRRQEPIAVVGMACRYPGGVR
BGC_81_LINKER_3_HC,BGC_81_makA3,BGC_81_makA4,HEAD,1,FDHPTADTLAGYLLTRIPVSGAGRTGDVLDELSRLDRVLAEATLDEATFQEVRNRLQRRLALLGKRWAPAEGGDLDDRIHTASTTEIFDFIDQELGRKVG
BGC_81_LINKER_3_TN,BGC_81_makA3,BGC_81_makA4,TAIL,1,MTNEEKLIDYLKWVTADLHKTRQRLREVESAGQEPIAIVGMSCRYPGGVR
BGC_82_LINKER_1_HC,BGC_82_hlsA,BGC_82_hlsB,HEAD,1,LPTTTIFDHPTPVLLAEHLQRELTSTTPEIFATLAKLENELQLVAGNRALSEDVLARLSKIVRSSEPANPAEGEQDEIADLMSASDDEVFGLLRDEFGIS
BGC_82_LINKER_1_TN,BGC_82_hlsA,BGC_82_hlsB,TAIL,1,MADEEKLQYFLRKVTVDLRESRHRVKELEGRWAEPLAVVGMACRFPGGVN
BGC_82_LINKER_2_HC,BGC_82_hlsB,BGC_82_hlsC,HEAD,1,LARHIVGQLTSSDASSMLFSTLEMLESMLLDESVTDQMRLAVRQKIDPLLSPTPAITSDSSGEKTAEHFDGLSPDEIFKMIDGSLGIDSSDAADAESGEA
BGC_82_LINKER_2_TN,BGC_82_hlsB,BGC_82_hlsC,TAIL,1,MSNEQKMFEYLKRTMAELENSRSRVAELEGRSAEPLAIVGMACRYPGGVT
BGC_82_LINKER_3_HC,BGC_82_hlsC,BGC_82_hlsD,HEAD,1,PTPAQLAKYLVGQLQPSDRSPLMDVLESIDRSLDRALQLRVSSDPQEEMDSEVLAQLERLANKMTEIKSRGSERMDKSEIRDLSDDEMFNFINKSLNISE
BGC_82_LINKER_3_TN,BGC_82_hlsC,BGC_82_hlsD,TAIL,1,MSNEDRLRHFLNEVTSELIDTRQRLNDVTAAAEEPLAIVGMACQYPGDVR
BGC_82_LINKER_4_HC,BGC_82_hlsD,BGC_82_hlsE,HEAD,1,ISDHLCKELLGSSFGAMTTSAVQSDFWSALQQVDYQKLQDAGVVAMVMGLLDGEPAEKTVEEEPEPRPEIDEMDAVELLNLALRNKMQRNSAADSQGEEG
BGC_82_LINKER_4_TN,BGC_82_hlsD,BGC_82_hlsE,TAIL,1,MESKELIEALRDSLKEIQTLKDEKAEILEKQGEPLAVIGMACRFPGGVSS
BGC_82_LINKER_5_HC,BGC_82_hlsE,BGC_82_hlsF,HEAD,1,ADHLRRQLCGGENTLASTLTSVSDLEQEAEKAVARFKEDPDQVDLEEITPVISRLKAVLAQYESLRAPSTGTSSASSDLSSATATELIDIINQEFGSVSE
BGC_82_LINKER_5_TN,BGC_82_hlsE,BGC_82_hlsF,TAIL,1,MVNDETLVKYLRQVTADLRESRRQVTEMAERSAEPLAIVGMACRLPGGVS
BGC_82_LINKER_6_HC,BGC_82_hlsF,BGC_82_hlsG,HEAD,1,LPPTLVFDHPTLADVAADIHQRLTDATAELFVTLDRLESRLADSVLDADLGRAAVDRLSLALARLKELVADGDEPNRADTAANIDDATDEEIFELLDREL
BGC_82_LINKER_6_TN,BGC_82_hlsF,BGC_82_hlsG,TAIL,1,MTGTQRNAANREQSGAMGTEGTMNEERLRDYLKRATTSLVEARGRVAELE
BGC_83_LINKER_1_HC,BGC_83_pldAI,BGC_83_pldAII,HEAD,1,FDHPTPLAMAEQLRKELFADEIPVAPQVLEELDRLEAAFAVSSAGDLQQSGAAARLRALLRRIGTVTPAGGDAADGLAVELETATHDEIFALIDEEVGDV
BGC_83_LINKER_1_TN,BGC_83_pldAI,BGC_83_pldAII,TAIL,1,MPKTETTEEKLFSYLKKATSELQQSRRRVAELEAAEAEPIAIVGTACRYP
BGC_83_LINKER_2_HC,BGC_83_pldAII,BGC_83_pldAIII,HEAD,1,VDKGFMEAGFDSLSAVEFRNRLTSTTGLRMPATVTFDYPSPAALAEHLLTRLVPEVAMPAEEQHPHTRPEDGPVDRPGDEQGGAIDDMDVDSLVELALGE
BGC_83_LINKER_2_TN,BGC_83_pldAII,BGC_83_pldAIII,TAIL,1,MSKPHEKVVAALRASLKANERLRELNDELASASREPVAIVGMACRYPGGV
BGC_83_LINKER_3_HC,BGC_83_pldAIII,BGC_83_pldAIV,HEAD,1,HPTPTTLAARLDALLPGAETATTVAAPTSPHEELDRLATVLLSPALNMADRDGLAARLRALASQLGEPTGPADGSTVADRIQSATDDELFELLDDRFENS
BGC_83_LINKER_3_TN,BGC_83_pldAIII,BGC_83_pldAIV,TAIL,1,MSQHDDASDALRTGDVPMTQFPTNEDKLRDYLKRAVTDLHHTREQLAAAE
BGC_84_LINKER_1_HC,BGC_84_olmA1,BGC_84_olmA2,HEAD,1,LVFDHPTPAALTAHLLELAAPPEHDPVLQVLGELERLEAGVEALGPVDGAHDEVVARLRRILRKAEAGSAPDGGGEDSSLQTASAAEVLAFIDSEFGDLA
BGC_84_LINKER_1_TN,BGC_84_olmA1,BGC_84_olmA2,TAIL,1,MDDDKLVDYLKRVTADLKRTRQRVQELEAGAAEPIAVVSMGCRFPGGIAS
BGC_84_LINKER_2_HC,BGC_84_olmA2,BGC_84_olmA3,HEAD,1,LVFDYPTATALAEHLESKVLRSVAGAPLPALTQLDHLEAALATSPPDRATREQLAARLRRLASAWSADELEADDGDITSKLDSASDEELFDFINAEFGKD
BGC_84_LINKER_2_TN,BGC_84_olmA2,BGC_84_olmA3,TAIL,1,MANEQQLRDYLKRVSADLHRTRQRLTEIESQGTEPIAIVGMACRYPGGVS
BGC_84_LINKER_3_HC,BGC_84_olmA3,BGC_84_olmA4,HEAD,1,ATLVFDHPNTRVLAAHLLTGMRLDTAGATDPALLALRGLESAVRSMNPDADDRGAMATRLRVLLATLEEAGDEEAADGSDLDSVSAEELVSLLDDEFGLS
BGC_84_LINKER_3_TN,BGC_84_olmA3,BGC_84_olmA4,TAIL,-1,MAADLRQAHRRIKKLEADDTEPIAIVGMACRLPGGVGSPDQLWDLVRRGE
BGC_84_LINKER_4_HC,BGC_84_olmA4,BGC_84_olmA5,HEAD,-1,TLVFEHPTPAALAGELLTQLAPAGLSGAEAALSQVDALEAALAAVTADDGDRDRVTRRLRGLLAQWSTGDAEPAAADALDDLDAASTDDLFDAIDQGFGL
BGC_84_LINKER_4_TN,BGC_84_olmA4,BGC_84_olmA5,TAIL,-1,MSDEEKFRDYLKRAVTEARGLQRRLREVEDKAREPIAIVGMACRFPGGAQ
BGC_84_LINKER_5_HC,BGC_84_olmA5,BGC_84_olmA6,HEAD,-1,PTLGELVELLAGKLVPDGTEPAARPEDDREAAVRRTLLSIPLARLREHGLLDTLLALADDGGAQPEAADRSDEIKSMDVAALLAMARSTTASSTASTTAQ
BGC_84_LINKER_5_TN,BGC_84_olmA5,BGC_84_olmA6,TAIL,1,MNSSMSEVVDALRASLLENERLRQQNQRLTTASAEPLAIVGIGCRYPGGV
BGC_84_LINKER_6_HC,BGC_84_olmA6,BGC_84_olmA7,HEAD,1,VFDHPNPQRIAEHLRAGLAQDGQQGIADVLDIRRELTRIGEALNSVAPDARAREDIVDHLRDLITQLGTGTGAAEQDTTDLEAATDDEIFDFIDRDLGVS
BGC_84_LINKER_6_TN,BGC_84_olmA6,BGC_84_olmA7,TAIL,1,MTEDKLRTYLRRVTAELQQTRQQLQDSQDRAREPLAVVGMACRLPGGVDS
BGC_85_LINKER_1_HC,BGC_85_ambA,BGC_85_ambB,HEAD,1,PDVPLRDLGLKSPIAVELGSRLGRRTRRKLPVSFVYNHPTPRAIARALLEGMFSSSKDSPPSTADDRRPPGVPAGVAPPQALETSEMSDDELFQSIDALV
BGC_85_LINKER_1_TN,BGC_85_ambA,BGC_85_ambB,TAIL,1,MDRSDKLRAYLEKTTASLVEAKSRIRELEARSREPIAIVAMACRFPGGVD
BGC_85_LINKER_2_HC,BGC_85_ambB,BGC_85_ambC,HEAD,1,YPTPKAVAVYLAQELDVHDVMTEMRGPSLRSDDEIKSAIASIRISTLRQAGLLDSLLRLAASEAVSTSSDTTPETDELTLQHVGDDELARLVFDLAGGAQ
BGC_85_LINKER_2_TN,BGC_85_ambB,BGC_85_ambC,TAIL,1,MKEDISARQALEKSFIELRRIKRELDQLKAKSSEPIAIVSMACRLPGGVD
BGC_85_LINKER_3_HC,BGC_85_ambC,BGC_85_ambD,HEAD,1,LAYDYPTARAIAGHLSEQMGLEGAPEDRESALDEAQIRALLMQIPISTLRQSGLLGDLVRLASPQAPPREEGESETLSFDHLGNEEFLSLASKLIAEEGS
BGC_85_LINKER_3_TN,BGC_85_ambC,BGC_85_ambD,TAIL,1,MNQETVLRQTLEKSLHKIQHLNRELERLKAKSSEPIAIVSMACRFPGGVD
BGC_85_LINKER_4_HC,BGC_85_ambD,BGC_85_ambE,HEAD,1,YPTPGAIASYLGTLLNLSGEDAHPGQTGRDPDEEHEIRAAIARIPITTLREAGLLQSLLRLAPNQTASDDVTPRTDELMVEHLGDEELLKLAFASTGGAK
BGC_85_LINKER_4_TN,BGC_85_ambD,BGC_85_ambE,TAIL,1,MKDEVLSFRRALEKTVVEIRRLNTEIDGLRAKSVEPIAIVSMACRYPGGV
BGC_85_LINKER_5_HC,BGC_85_ambE,BGC_85_ambF,HEAD,1,LDGFAIQREALRQAGRRQGRTISINWPLWGGDGGMGVPDYIETELLKRGLVPLDISDGVTAFRQAIAMKEPQVAVVAGQRAAARRLLRPWLSEGRTEDHQ
BGC_85_LINKER_5_TN,BGC_85_ambE,BGC_85_ambF,TAIL,1,MTSWLLAKTEEFLGDLVSEVSEIRRDTISPDADFQEFGLDSRFVIAMNSR
BGC_85_LINKER_6_HC,BGC_85_ambF,BGC_85_ambH,HEAD,1,DGWPRFVRDWFSSFLWSECLRDPVAPVAVSMQPLTPACIRVEPRYDIPAAELDAAMGTLKRVLGKGVEGIVASVADDVERRGDARRAELFRRILRGFKTT
BGC_85_LINKER_6_TN,BGC_85_ambF,BGC_85_ambH,TAIL,1,MSESGELSLTKRALLALQKAELEIGRLRDARPEPIAIIGVGCRIPGGATS
BGC_86_LINKER_1_HC,BGC_86_flvp1,BGC_86_flvp2,HEAD,-1,ATLVFDYPTSVALARFVLDRLAPGAPSASVSLFAQLDEVERLLREQPLSAGDRFQISERFRAILHAADGVNGAAEQAERDLDDLSDEELFAALDDQLGTS
BGC_86_LINKER_1_TN,BGC_86_flvp1,BGC_86_flvp2,TAIL,1,MATDDKFRDYLKRATADLQRTRRRLHEVEAKGREPIAIVSMGCRYPGGVN
BGC_86_LINKER_2_HC,BGC_86_flvp2,BGC_86_flvp3,HEAD,1,LRLPATLIFDYPNAVAIAEYMGSQILPKKEPVESQVLHSLDELSRLMGKVSTDVEGRTEITVRLQRLVDEWRGGRPGAAEESNVRTASADELFSLIDKGL
BGC_86_LINKER_2_TN,BGC_86_flvp2,BGC_86_flvp3,TAIL,1,MADEEKLLAYLRRVTEDLQQANRRLRDVETKEREPIAIVSMACRYPGGVN
BGC_87_LINKER_1_HC,BGC_87_RdmG,BGC_87_RdmH,HEAD,1,NALAEYLATELAPATPADAPAGAAEAEDESRLRAVLASVPLERLRAAGLIDTLLSLAEESDQSGDGTAPPAQAAAEAEDEDLDALDLEQLVQMALDSDEH
BGC_87_LINKER_1_TN,BGC_87_RdmG,BGC_87_RdmH,TAIL,1,MAVSDSRVAEALKAALRDTSRLREQNRQLTAAAREPIAIVSMACRFPGGV
BGC_87_LINKER_2_HC,BGC_87_RdmH,BGC_87_RdmI,HEAD,1,TPAALAGRLHEDLFAGAAHLAVPQGGSGTLASELDRLEARLATADIEDNERADIATRLQRILADWSVQSPPSDDASIAETLEAATSDEVFDFIDKQFGIS
BGC_87_LINKER_2_TN,BGC_87_RdmH,BGC_87_RdmI,TAIL,1,MPATNEEKLLGYLKRMTADLHETRQRLQQAEAESREPIAIVGMACRYPGG
BGC_87_LINKER_3_HC,BGC_87_RdmI,BGC_87_RdmJ,HEAD,1,VFDYPTPQTLAEYLDTTMPGAGDTARGVTPGLAELDKLEAVIATLPTGDGEAKSAINNRLRELLARFTDDTNDEPESGSDIDSATADNIFDLIDKELGDF
BGC_87_LINKER_3_TN,BGC_87_RdmI,BGC_87_RdmJ,TAIL,1,MTVDMANEEKFLEYLKRMTADLRTARRRLREVEAKSHEPIAIVGMSCRYP
BGC_88_LINKER_1_HC,BGC_88_AWH12671.1,BGC_88_AWH12670.1,HEAD,-1,GEPGAAVGTVLPTYAFQHQRFWVGTDDADVTPPPAEPVAARSVEDVLELVRESAAVVLGTGTRTRSTSTGPSRTTGSTRSARSSCATACVTSPGSSCPAR
BGC_88_LINKER_1_TN,BGC_88_AWH12671.1,BGC_88_AWH12670.1,TAIL,-1,MVARDVSDEPIAIVGMSTRLPGGADSPEELWRLVAEGRDAISGFPVDRGW
BGC_88_LINKER_2_HC,BGC_88_AWH12670.1,BGC_88_AWH12669.1,HEAD,-1,PATLIFDYPTPEALVGYLRVELLREADDGLDGREDDLRRVLAAVPFARFKEAGVLDTLLGLADAEAGPEPEVPGPAAGDAELIDALDISGLVQRALGQTS
BGC_88_LINKER_2_TN,BGC_88_AWH12670.1,BGC_88_AWH12669.1,TAIL,-1,MSAPNEQIVDALRASLKENVRLQQENAALTAAAAEPIAIVSMACRYAGGI
BGC_88_LINKER_3_HC,BGC_88_AWH12669.1,BGC_88_AWH12668.1,HEAD,-1,TAFKDTGFDSLTSVELRNRLREATGLKLPATLVFDYPNPVAVARYLSARLVPETNGHNGHGGHNGDGDRLRHALASAATEEPSIADLGVDDLVQLAFGDE
BGC_88_LINKER_3_TN,BGC_88_AWH12669.1,BGC_88_AWH12668.1,TAIL,-1,MSASYEKVVEALRKSLEEVGTLKKRVDSAREPIAIVGMACRLPGGVTGPD
BGC_88_LINKER_4_HC,BGC_88_AWH12668.1,BGC_88_AWH12667.1,HEAD,-1,RLREATGLKLPATLVFDHPNPLALARHLRTELAVEEASPADAVLAGLAGLEAVIAAASDGDRIAVRLRELLKAAEARPSTSGDLDTASDEELFALVDGLD
BGC_88_LINKER_4_TN,BGC_88_AWH12668.1,BGC_88_AWH12667.1,TAIL,-1,MADEGQLRDYLKRAIADARDARTRLREVEDQAREPIAIVAMACRYPGGVA
BGC_88_LINKER_5_HC,BGC_88_AWH12667.1,BGC_88_AWH12666.1,HEAD,-1,ISGTNAHLILEEAPRRSRPPPSPSPVSCRWSCRPAAPWRARPGGWPRSSARRTRPCPRSPGHCSPADRCSRTGPSWSRRPARRRRPGWKRWPAGKPRPTS
BGC_88_LINKER_5_TN,BGC_88_AWH12667.1,BGC_88_AWH12666.1,TAIL,-1,MVAETREEATAGLEALARGETPADVVTGTVAASGVPGKLVWVFPGQGSQW
BGC_88_LINKER_6_HC,BGC_88_AWH12666.1,BGC_88_AWH12665.1,HEAD,-1,TLAFDYPTPLVLARHLRDELGDGDDALSVVHARLEDVEALLGGLVLDDSTKTGLTLRLQGLVARCNGVGGQTDETTLADRLDAASADEVLDFIDEELGLT
BGC_88_LINKER_6_TN,BGC_88_AWH12666.1,BGC_88_AWH12665.1,TAIL,-1,MATDEKLLKYLKRVTAELHSLRKQGARHADEPLAVVGMACRFPGGVASPE
BGC_88_LINKER_7_HC,BGC_88_AWH12665.1,BGC_88_AWH12664.1,HEAD,-1,RLSLKSHPWLADHVIGGVVLVAGTGLVELAVRAGDEAGCPVLEELVIEAPLVVPESGGVRVQVVVAHRGRPARARSRCTPCAKTPARRCGRGTPPASSLR
BGC_88_LINKER_7_TN,BGC_88_AWH12665.1,BGC_88_AWH12664.1,TAIL,-1,MYSLREDAGAEVWTRHATGFLASMTAAPEPFDFTAWPPPGGRRVDVEDFY
BGC_89_LINKER_1_HC,BGC_89_spr7,BGC_89_spr8,HEAD,1,HPSPQAVAEHLNDRLALDAVADAGAAAMTGLDALASAVGGMKSDDVRRDIVRRRLEEMLALVGGPRSQPLKDDLVDAAVAERLASASDDDELFAFIEDQL
BGC_89_LINKER_1_TN,BGC_89_spr7,BGC_89_spr8,TAIL,1,MKPDRGEDRQMAVNEDRIREYLKRVTAELAGTRRRLRELEDGAREPIAIV
BGC_89_LINKER_2_HC,BGC_89_spr8,BGC_89_spr9,HEAD,1,ALATYLETELDRQSATSQVLDAAAVWATLDQLRAGISVAVQDDADRTRAADLLHAVLAEVSGSAPVRDPAGESSVAVSDRLQTASDDELFDLLDSDFRLP
BGC_89_LINKER_2_TN,BGC_89_spr8,BGC_89_spr9,TAIL,1,MPMSDTTTTPDHRGSTVPVNNEEKLREYLRRAMTDLHEARDQLRQYESAV
BGC_89_LINKER_3_HC,BGC_89_spr9,BGC_89_spr10,HEAD,1,ALAEYLLAGLVPEPAPVELPLLAELGRLEAALAHTDEATLDALDDLTRREIGVRIAALPGRWGATWNDAAEPDGTEATDVLAAAEDDDIFAFIDERFRTL
BGC_89_LINKER_3_TN,BGC_89_spr9,BGC_89_spr10,TAIL,1,MTDKDGLDMSNEQKLREYLKWTTAELTRASERLRVVEERAREPIAIVGMA
BGC_89_LINKER_4_HC,BGC_89_spr10,BGC_89_spr11,HEAD,1,PLPATLVFDHPTTMAVAEHLIGLVQPSPSDGDPHETEVRRALATLPLARLRDAGLLDGLLALAGLRDDAVEGVPGPEGTDAIEELDPDELVRMALGSDDS
BGC_89_LINKER_4_TN,BGC_89_spr10,BGC_89_spr11,TAIL,1,MYFPSQRSSPMAMSPDTVLKALRASVKETERLRRQHRELLATLHEPVAVV
BGC_90_LINKER_1_HC,BGC_90_stmA,BGC_90_stmB,HEAD,1,LTGVELPATVAFDHPSPQSLATFLDGELPHAADTLPAELDRLEALLTVAGEETDRAHIAERLEHLLSEWKRRGDETADRSADLDEATTPEELMDFIDRNL
BGC_90_LINKER_1_TN,BGC_90_stmA,BGC_90_stmB,TAIL,1,MAQEEKLFGYLKRVTADLQQARERLSEVEGRAREPIAIVAMACRFPGGVD
BGC_90_LINKER_2_HC,BGC_90_stmB,BGC_90_stmC,HEAD,1,PATLVFDHPTPAAVCAYLLSLLAPGRSSGPEAIFAEIDRLEQRLGQVGQRHAAQVRGRLRSLLNTWESAGKDDAEDGAAELTAADLDDMFDIIDDELGLS
BGC_90_LINKER_2_TN,BGC_90_stmB,BGC_90_stmC,TAIL,1,MDEGKTLQYLKRLTTELRDTRQRLRDVEESSREPLAVVGMACRYPGGVRT
BGC_91_LINKER_1_HC,BGC_91_sceN,BGC_91_sceO,HEAD,1,RPEAGAAPAAEADDARLRDLLAGIPLARIRAAGLLDSLLELSGPDTAAGPAPDTAAGPAPDPGPGPDDDAAAAADRSLPDIKSMNIADLVRTALDRSDAK
BGC_91_LINKER_1_TN,BGC_91_sceN,BGC_91_sceO,TAIL,1,MDTSVEQIVEALRESLLENERLRRQNAEITAAASEPVAIVAMSCRYPGGV
BGC_91_LINKER_2_HC,BGC_91_sceO,BGC_91_sceQ,HEAD,1,TFDYPTPAAIAGHLFNELAGDADGAVPEAEAEVMRLEALLDAAVVDGEQRARVAVRLRALTAKWTDASPREEERESGPGLETATADELFGILDDELETYK
BGC_91_LINKER_2_TN,BGC_91_sceO,BGC_91_sceQ,TAIL,1,MNNEDRLLDYLRRTTSDLRETRRRLRESEQRAHEPVAIVGMACRYPGGVT
BGC_91_LINKER_3_HC,BGC_91_sceQ,BGC_91_sceR,HEAD,1,LAFDQPTPRALAAHLKAGLVPGPADAARAMVAEVDRLEAALAALPDADGSHARVTARLEALLRTWHDTHGGPAGPAAPEDIGGASDEELFARIDNELGVQ
BGC_91_LINKER_3_TN,BGC_91_sceQ,BGC_91_sceR,TAIL,1,MEEPGTADKLRDYLKRATTELERTRRRVRELEEREREPIAIIGMGCRYPG
BGC_91_LINKER_4_HC,BGC_91_sceR,BGC_91_sceS,HEAD,1,TLVFDYATPAALAAHLGGELGGAAASADSVLAELDRLEARLRELSAEDLEQARITARLQTVLNGLTGTLAGGDAPSVAGRLEDASADDVFAFIDNELGTT
BGC_91_LINKER_4_TN,BGC_91_sceR,BGC_91_sceS,TAIL,1,MTNDDKLLDYLKRVTADLHQTRQRLRDVESGDEEPVAIVGMSCRFPGGVS
BGC_91_LINKER_5_HC,BGC_91_sceS,BGC_91_sceT,HEAD,1,DYPSPQVLADHLAAELAPAERAAAGTEGGEEAAVRRALAQLPLAALRDAGLLDGLLELAGVRPEPGADQEDGSGASIDAMDAESLISLALEGTAGDDDAL
BGC_91_LINKER_5_TN,BGC_91_sceS,BGC_91_sceT,TAIL,1,MAQPETPDARMVEALRASLKEADRLRERNRKLTAALREPIAIVGMACRYP
BGC_92_LINKER_1_HC,BGC_92_arppI,BGC_92_arppII,HEAD,1,TLVFDHPNPAALAAHLHRQIKVEAASPADSLVEELGRLTAAVRSAAADPAAYESVAGQLRELLGVAEQASGRTSADEVLAAGDLDEASDEELFALLDDLN
BGC_92_LINKER_1_TN,BGC_92_arppI,BGC_92_arppII,TAIL,1,MRHTTARPNHQTEHEPHHEPHDDGELRSVANEQELREYLKKAIADARDAR
BGC_92_LINKER_2_HC,BGC_92_arppII,BGC_92_arppIII,HEAD,1,PNPEALAAHLLGRLDVGDTPGGTPAMAELDRLEAALLGTDAPDDEETRSAVTVRLKALLARMTAAETPEDDAADVTESIEAATADDLFAFIDTQLGRSAH
BGC_92_LINKER_2_TN,BGC_92_arppII,BGC_92_arppIII,TAIL,1,MATESNDRARQTPAAKGQTNEEKLVEYLKWVTADLHKAKQRITELESGQD
